"sha","author","author_date","committer","committer_date"
"46d5d35284d74ed9e104c9e7c91f955c9a4a8af8","AlexandreDecan","2017-02-15 07:49:23","AlexandreDecan","2017-02-15 07:49:23"
"080ed2c5a4184a25861605c5132c5e16f3af57d9","AlexandreDecan","2017-01-18 15:17:10","AlexandreDecan","2017-01-18 15:17:10"
"ce65d27b613bf2ff645655ab4487d2af3079c1a6","AlexandreDecan","2017-01-12 09:22:13","AlexandreDecan","2017-01-12 09:22:13"
"cc487ca3d9b9b6a110312a8e0fc96677d6231908","AlexandreDecan","2017-01-12 09:04:07","AlexandreDecan","2017-01-12 09:04:07"
"733c196e65e9d19616f18d1f0c24f57830d8a1c8","AlexandreDecan","2017-01-12 09:03:26","AlexandreDecan","2017-01-12 09:03:26"
"5ebbe553e17b86446ea89a6287607aef9ae45111","AlexandreDecan","2016-12-23 08:49:46","AlexandreDecan","2016-12-23 08:55:54"
"e428689e25e9218e26a6732f268654568a4dc367","AlexandreDecan","2016-12-22 10:47:33","AlexandreDecan","2016-12-22 10:47:33"
"cc2c709bcb915123a03cddd7f13796348f13ecd9","AlexandreDecan","2016-12-11 18:58:12","AlexandreDecan","2016-12-11 18:58:12"
"9e4ad6f3657bccd866b393de51e5d37c20d998db","AlexandreDecan","2016-11-25 10:16:46","AlexandreDecan","2016-11-25 10:16:46"
"4828a987cdbd5f8b0b38933b2e4b0dd9dbe61096","AlexandreDecan","2016-11-25 10:02:09","AlexandreDecan","2016-11-25 10:02:09"
"013ff9bb0fdadf787c6845a6ae74fd4f90e82b26","AlexandreDecan","2016-11-25 09:59:49","AlexandreDecan","2016-11-25 10:00:02"
"38918edb1bd96023ef2f5ef076cabcb8363b8c01","AlexandreDecan","2016-11-25 08:04:43","AlexandreDecan","2016-11-25 08:04:43"
"accf6a0c37e6a1a3c0cd716f12386e3eedec760e","AlexandreDecan","2016-11-23 07:42:43","AlexandreDecan","2016-11-23 07:42:43"
"fd755f84f1f0f8917f808a809f4789293eac3751","AlexandreDecan","2016-10-20 08:32:03","AlexandreDecan","2016-10-20 08:32:03"
"112edeb0f5857c40579e5679c01412b4fe94dfc3","AlexandreDecan","2016-10-19 12:50:44","AlexandreDecan","2016-10-19 12:50:44"
"3d430843bf3f1b15974eb077e98b0d4be3e5563a","AlexandreDecan","2016-10-19 12:50:29","AlexandreDecan","2016-10-19 12:50:29"
"fad14238ec4921ad7b33b6825f61c22156d060c2","AlexandreDecan","2016-10-19 12:43:22","AlexandreDecan","2016-10-19 12:43:22"
"b10ff1588fc549a3a6b0fc83cfccf904e3c6fdd5","AlexandreDecan","2016-10-13 14:22:29","web-flow","2016-10-13 14:22:29"
"ac45305e1e0d61b1df3079768c8414a1c313330e","AlexandreDecan","2016-09-06 08:49:09","AlexandreDecan","2016-09-06 08:49:09"
"918c5f3be17168ae69057734d806f2ebe63fa65f","AlexandreDecan","2016-09-06 08:47:57","AlexandreDecan","2016-09-06 08:47:57"
"9c45344fa4aaa27f99b6a166101cd2eff0f321b2","AlexandreDecan","2016-09-06 06:47:36","AlexandreDecan","2016-09-06 06:48:21"
"cfb908f55294a64dff93c8f81269e442462b1c96","AlexandreDecan","2016-09-05 14:00:22","AlexandreDecan","2016-09-05 14:00:22"
"edc5dabbe33640edab219cc514fccaf3002903c4","AlexandreDecan","2016-09-03 07:10:00","AlexandreDecan","2016-09-03 07:10:00"
"49734a96b7a2d9dc1bf43e0a10bbd84cdb8d966f","AlexandreDecan","2016-09-02 12:36:55","AlexandreDecan","2016-09-02 12:36:55"
"1e78cf5239849563953c131648691856f808075f","AlexandreDecan","2016-08-19 13:44:22","AlexandreDecan","2016-08-19 13:44:22"
"1e270017af4e454ed40c686eafe8de39a4c1a223","AlexandreDecan","2016-08-19 13:43:58","AlexandreDecan","2016-08-19 13:43:58"
"cee8b783cb61fc8b3432334c6854414db104022c","AlexandreDecan","2016-08-15 10:07:35","AlexandreDecan","2016-08-15 10:07:35"
"3afc89990f38ee68f9a472b30cd6cbb3e7819e9d","AlexandreDecan","2016-08-08 08:51:33","AlexandreDecan","2016-08-08 08:51:33"
"68d2ecf5073b0f17fba2c4800c94ae55b18a0b14","AlexandreDecan","2016-08-08 08:28:33","AlexandreDecan","2016-08-08 08:28:33"
"43ab9b28eb2d5b443da9765889eafee6006025ad","AlexandreDecan","2016-08-03 14:39:55","AlexandreDecan","2016-08-03 14:39:55"
"436f16e9be50afb125799993cea78af31502f52c","AlexandreDecan","2016-08-03 14:20:51","AlexandreDecan","2016-08-03 14:20:51"
"b44be83f26914ba2e7371c8ce56a827eeab160d8","AlexandreDecan","2016-08-03 13:56:26","AlexandreDecan","2016-08-03 13:56:26"
"cb4aa2edee4f33c397eee44e7b0893bf5aa080ed","AlexandreDecan","2016-08-03 13:27:11","AlexandreDecan","2016-08-03 13:27:11"
"73cb0fd6957445420e9185f7f9b41afb4cd1d949","AlexandreDecan","2016-08-03 09:17:38","AlexandreDecan","2016-08-03 09:17:38"
"2cd72e1c352ff4ebe2187f6c4dd6a44d6c760165","AlexandreDecan","2016-08-03 07:44:12","AlexandreDecan","2016-08-03 07:44:12"
"8eda8b345c5ad40dfdf14dba5188d7ef6f82c356","AlexandreDecan","2016-07-29 08:15:53","AlexandreDecan","2016-07-29 08:15:53"
"61d8978f68b81fc879790dc8934e8b39419701ba","AlexandreDecan","2016-07-08 19:25:51","AlexandreDecan","2016-07-08 19:25:51"
"e13258c8078db9bccff54eaa23bf473d3ce2a00e","AlexandreDecan","2016-07-08 19:17:25","AlexandreDecan","2016-07-08 19:20:08"
"8cfa92175d992e033675441a028c28ebab8ab458","AlexandreDecan","2016-07-08 11:49:28","AlexandreDecan","2016-07-08 11:49:28"
"810c81544a7a50783c80d571dddcabe47200c76d","AlexandreDecan","2016-07-08 10:28:54","AlexandreDecan","2016-07-08 10:28:54"
"93a859ea807e7084d0b3ddb851f0eca26df63321","AlexandreDecan","2016-07-08 10:25:01","AlexandreDecan","2016-07-08 10:25:01"
"9113ec38a4500304e6259fe693cf5ba5c50a6708","AlexandreDecan","2016-07-08 10:18:47","AlexandreDecan","2016-07-08 10:18:47"
"685a2bb08257f7a42e07d8c183eb8398d6b3ed7c","AlexandreDecan","2016-07-07 13:42:00","AlexandreDecan","2016-07-07 13:42:00"
"9ce11b580aae35e7c58afc9d33f1e8d308411421","AlexandreDecan","2016-07-07 13:41:43","AlexandreDecan","2016-07-07 13:41:43"
"3892132cbfccb0d28ae622b6c534d22aef7c0909","AlexandreDecan","2016-07-07 13:12:05","AlexandreDecan","2016-07-07 13:12:05"
"450d0030763166a7265a984ad3ed76989193463b","AlexandreDecan","2016-07-07 11:06:43","AlexandreDecan","2016-07-07 11:06:43"
"b61efe4f1e931449d0b009e972a65731c624c946","AlexandreDecan","2016-07-07 10:04:33","AlexandreDecan","2016-07-07 10:04:33"
"edcd4a77558264d4daaebfba7263caaf9ca4b0ae","AlexandreDecan","2016-07-07 08:17:45","AlexandreDecan","2016-07-07 08:17:45"
"c9b233d6e84962ef9f9e1910cddc9c3f755abf70","AlexandreDecan","2016-07-07 08:14:24","AlexandreDecan","2016-07-07 08:14:24"
"963f9ee5528cbda8b95ee1096062e88c42e0e9d8","AlexandreDecan","2016-07-07 08:02:47","AlexandreDecan","2016-07-07 08:02:47"
"aad63b9b675ad32039ea279af74f5b59d7f1b79f","AlexandreDecan","2016-07-07 07:55:43","AlexandreDecan","2016-07-07 07:55:43"
"2f22591244fa6b94f87e4813ca3d9c985f7cd3d3","AlexandreDecan","2016-07-07 07:48:57","AlexandreDecan","2016-07-07 07:48:57"
"dc9ac1fc0ca40aba40a946bf3764d4a2ad4708a2","AlexandreDecan","2016-07-06 11:52:39","AlexandreDecan","2016-07-06 11:52:39"
"2d18fb3bf5f61a9c78a9026e6fda74f7b2d11d70","AlexandreDecan","2016-07-06 11:24:22","AlexandreDecan","2016-07-06 11:24:22"
"61a28c743791e7b3847a922dfea9ebd8963d68a8","AlexandreDecan","2016-07-04 09:51:15","AlexandreDecan","2016-07-04 09:52:14"
"23bcf98d10483768ec31ecda2af22e8b1766ab9c","AlexandreDecan","2016-07-04 09:43:21","AlexandreDecan","2016-07-04 09:43:21"
"fe4177851cf4eea5b01562d71b768ab21ed97579","AlexandreDecan","2016-07-04 09:26:11","AlexandreDecan","2016-07-04 09:26:11"
"051eba932bb34acf03c9d7f2917c99b16f53a6ab","AlexandreDecan","2016-07-01 08:14:42","AlexandreDecan","2016-07-01 08:14:42"
"c7a3606631bb1736ab8bb652af40b9ffe03bdf7e","AlexandreDecan","2016-06-30 15:03:12","AlexandreDecan","2016-06-30 15:03:12"
"874b7f476597abd91a3e6495a30b16f480c48532","AlexandreDecan","2016-06-30 09:10:07","AlexandreDecan","2016-06-30 09:10:07"
"4a715d82dd67efb6146bf2efe52e6930109088a9","AlexandreDecan","2016-06-29 12:26:25","AlexandreDecan","2016-06-29 12:26:25"
"d97aaa01d2384704e4ec5db7d7ac8db2f699532e","AlexandreDecan","2016-06-29 09:47:21","AlexandreDecan","2016-06-29 09:47:21"
"02b849a5de4556fb609d74d555da95d37bdd26ef","AlexandreDecan","2016-06-23 08:15:12","AlexandreDecan","2016-06-23 08:15:12"
"7cd1660c57aea181257e53ab9b0654ade4ad4343","AlexandreDecan","2016-06-22 12:42:56","AlexandreDecan","2016-06-22 12:42:56"
"f0b5c854355d61976f741eb05ec304fa36e48637","AlexandreDecan","2016-06-22 12:42:29","AlexandreDecan","2016-06-22 12:42:29"
"6ea9df98b2ed7227e71516dcf7484f6571fa9351","AlexandreDecan","2016-06-22 12:42:09","AlexandreDecan","2016-06-22 12:42:09"
"5feee8fa633ab3698b233893d789c522be7b6b04","AlexandreDecan","2016-06-22 12:33:27","AlexandreDecan","2016-06-22 12:33:27"
"3087356ef3586b58d2a40fd0cd6cd89cd601155d","AlexandreDecan","2016-06-22 11:54:04","AlexandreDecan","2016-06-22 11:54:04"
"fc38b29a329ddf026791d1e7729072092d75b7cf","AlexandreDecan","2016-06-22 07:59:49","AlexandreDecan","2016-06-22 07:59:49"
"ac9a7e180b4fdd816311ea78c45e0ada2cbd9eec","AlexandreDecan","2016-06-21 14:37:55","AlexandreDecan","2016-06-21 14:37:55"
"5c8750c1bc6c0fed5354a5a7546870d51c8f2ce4","AlexandreDecan","2016-06-20 07:23:20","AlexandreDecan","2016-06-20 07:38:50"
"e7c61b40750b3f165719e267befdb05d88c888b3","AlexandreDecan","2016-06-13 15:56:22","AlexandreDecan","2016-06-13 15:56:22"
"07f1dbefd4570352f2fdf33fa1ea7c954cdaa8d4","AlexandreDecan","2016-06-13 07:16:34","AlexandreDecan","2016-06-13 07:16:34"
"82e802d9d93d841950e225c2c70ac852315b0c3f","AlexandreDecan","2016-06-13 07:12:04","AlexandreDecan","2016-06-13 07:12:04"
"a3454c12be4bc620468a9c2783b0685b91aa4f59","AlexandreDecan","2016-06-13 07:00:46","AlexandreDecan","2016-06-13 07:00:46"
"1c154070f1d0ad57e96f4a16b09d6f33f3a57a3e","AlexandreDecan","2016-06-07 07:23:14","AlexandreDecan","2016-06-07 07:23:14"
"26213ab5bd6adc4303805e234bda1c076e8f92c1","AlexandreDecan","2016-06-07 07:12:33","AlexandreDecan","2016-06-07 07:12:33"
"0cc768c4b9db4386bb1661b3f32afb1f4de17d26","AlexandreDecan","2016-06-07 07:08:46","AlexandreDecan","2016-06-07 07:08:46"
"c1675df432cd9a7e8d59e2575f1da7573875edee","AlexandreDecan","2016-06-07 06:30:59","AlexandreDecan","2016-06-07 06:30:59"
"5bb36bb00376a82f93d0458ccc77f5ba09eb28a3","tommens","2016-06-06 13:31:21","tommens","2016-06-06 13:31:21"
"a2876b00a23952c75ab8447d9fef8413747fc86a","AlexandreDecan","2016-05-20 09:32:48","AlexandreDecan","2016-05-20 09:32:48"
"bc065253aecf4108c5762d76fd1dcfe44a48f48e","AlexandreDecan","2016-05-19 12:05:15","AlexandreDecan","2016-05-19 12:05:15"
"8d634e97e0488791e0a1ed181f0cb83b798271e6","AlexandreDecan","2016-05-19 11:35:48","AlexandreDecan","2016-05-19 11:35:48"
"07a525a56c8b1368055e46c868fa99ca4b85ac01","AlexandreDecan","2016-05-19 10:55:28","AlexandreDecan","2016-05-19 10:55:28"
"4404490be283c37d8aee7600a9332612d8f0c838","AlexandreDecan","2016-05-17 09:30:35","AlexandreDecan","2016-05-17 09:30:35"
"9954371f979bfa5af796e8d857d37d0da14b4964","AlexandreDecan","2016-05-17 09:07:16","AlexandreDecan","2016-05-17 09:07:16"
"ffd3b39405d9202a78c848113c23cb0fc6c9e281","AlexandreDecan","2016-05-17 08:42:44","AlexandreDecan","2016-05-17 08:42:44"
"027aee0befa4e45e40f3ac4c3065427d0ca0626a","AlexandreDecan","2016-05-17 08:31:35","AlexandreDecan","2016-05-17 08:31:35"
"b4d9ee1fe33c8b4f79c65241d4375a6a89d6ba78","AlexandreDecan","2016-05-15 09:58:41","AlexandreDecan","2016-05-15 09:58:41"
"758404424dfb9e6e4d8458df05973aedf17d2607","AlexandreDecan","2016-05-15 09:58:10","AlexandreDecan","2016-05-15 09:58:10"
"ebb18166082c792859612836c5b6c6a38d9f037c","AlexandreDecan","2016-05-15 09:53:10","AlexandreDecan","2016-05-15 09:53:10"
"376b3ec0177829b4c5cd53d259dbd7302a86a592","AlexandreDecan","2016-05-12 07:44:50","AlexandreDecan","2016-05-12 07:44:50"
"7d77f9a3e8ad62dbb8053128f533cf42d7f387a3","AlexandreDecan","2016-05-10 15:10:29","AlexandreDecan","2016-05-10 15:10:29"
"9c0616e59648e3e013c5d9ada5ae96118b1ab2bb","AlexandreDecan","2016-05-10 12:46:24","AlexandreDecan","2016-05-10 12:46:24"
"81097d5ee0d076fb3aee88a0352fdea83884b7d3","AlexandreDecan","2016-05-06 19:23:52","AlexandreDecan","2016-05-06 19:24:42"
"4afe9dac000956927d9f0b42ee5f35038056349f","AlexandreDecan","2016-05-06 13:34:47","AlexandreDecan","2016-05-06 13:34:47"
"427a6db2a13acbd78e19dbd66020cc3ec7a6ccf6","AlexandreDecan","2016-05-06 12:43:12","AlexandreDecan","2016-05-06 12:43:12"
"6d50a95ce2d0568fafb22cdb405f3f8252707e15","AlexandreDecan","2016-05-06 12:35:03","AlexandreDecan","2016-05-06 12:35:03"
"cd7b33e4c0b98a51e14ca5cb88d5005418a316c6","AlexandreDecan","2016-05-06 10:16:23","AlexandreDecan","2016-05-06 10:16:23"
"fb3bf856766a509c6dc9845bbd1887fd84cedee5","AlexandreDecan","2016-05-02 10:01:25","AlexandreDecan","2016-05-02 10:01:25"
"52a8444c2c76094ae9e9309e758fe495eb49193f","AlexandreDecan","2016-05-02 07:19:27","AlexandreDecan","2016-05-02 07:19:27"
"f1c287ab84953e24d6089feee12dae920512c456","AlexandreDecan","2016-05-02 07:10:16","AlexandreDecan","2016-05-02 07:10:16"
"47b96403b169676f944460e11ab45bae9fa9b68f","AlexandreDecan","2016-05-02 06:58:13","AlexandreDecan","2016-05-02 06:58:13"
"61157f8d918efecc92d6e60d32a57d7f1bf0172e","AlexandreDecan","2016-04-29 11:04:43","AlexandreDecan","2016-04-29 11:26:22"
"b3b15b93dc2e79537e8984bfcc599989e0a35732","AlexandreDecan","2016-04-28 09:13:07","AlexandreDecan","2016-04-28 09:13:07"
"64ab19808646d2f06c8d8921738fd5143681415c","AlexandreDecan","2016-04-28 07:04:47","AlexandreDecan","2016-04-28 07:04:47"
"b39496fb42338316755156c1c5f2739c3ee200fc","AlexandreDecan","2016-04-26 13:36:55","AlexandreDecan","2016-04-26 13:36:55"
"b8ab7fbce4be5d8e482695e2d7aedd5586e2faaf","AlexandreDecan","2016-04-25 10:05:35","AlexandreDecan","2016-04-25 10:05:35"
"0398782f157238163f783037fa95f7338b5b7175","AlexandreDecan","2016-04-22 08:53:32","AlexandreDecan","2016-04-22 08:53:32"
"ffaa6f10f96714bfec56ef467012582b56b244e7","AlexandreDecan","2016-04-22 08:42:49","AlexandreDecan","2016-04-22 08:42:49"
"8d6afc9668d83a55bdf9831de77f58ef22a15ff6","AlexandreDecan","2016-04-21 14:45:45","AlexandreDecan","2016-04-22 08:42:35"
"8e819603400d2a9f00a02b07b9b7291ab0bb702c","AlexandreDecan","2016-04-21 14:29:58","AlexandreDecan","2016-04-22 08:42:35"
"0036d53f48443a347cedb51fa1ff9ccec66a5d0c","AlexandreDecan","2016-04-21 14:23:46","AlexandreDecan","2016-04-22 08:42:35"
"632714c31cad56340137581441e3c2a6cfff1a75","AlexandreDecan","2016-04-21 08:53:39","AlexandreDecan","2016-04-22 08:42:35"
"8e437411b8decf12bce03a7cabfe399788064856","AlexandreDecan","2016-04-21 07:42:28","AlexandreDecan","2016-04-22 08:42:35"
"0ec81ad62cd219e13a849d53186de02b036b168d","AlexandreDecan","2016-04-19 09:23:33","AlexandreDecan","2016-04-22 08:42:34"
"f92400c28de39ae2dfe533dcbdf2a64e51cda99f","AlexandreDecan","2016-04-19 07:41:09","AlexandreDecan","2016-04-22 08:42:34"
"ecd128d1109146e861a2f3d7b43fd9b7fb850df2","AlexandreDecan","2016-04-19 07:28:30","AlexandreDecan","2016-04-22 08:42:34"
"099cbc0fbd148a43d5f6590da9f0f65c5c15e494","AlexandreDecan","2016-04-19 07:07:06","AlexandreDecan","2016-04-22 08:42:34"
"ee3c634b4f692f5c1ca3001cb7d704f6037b6d6f","AlexandreDecan","2016-04-18 14:47:02","AlexandreDecan","2016-04-22 08:42:32"
"cb53b1b8eb46faa41e7d0a667901e9f1fee68ead","AlexandreDecan","2016-04-18 14:07:19","AlexandreDecan","2016-04-22 08:42:28"
"7177c5c76d2ea8e699aa9f11c70c6b16d3d6d36f","AlexandreDecan","2016-04-18 13:48:10","AlexandreDecan","2016-04-22 08:42:28"
"9173d4dfaf0de34b35a0594c78170ace02387913","AlexandreDecan","2016-04-18 13:01:04","AlexandreDecan","2016-04-22 08:42:28"
"049883bf0ee9f43f381cd31224e81a72e753b0af","AlexandreDecan","2016-04-18 13:00:29","AlexandreDecan","2016-04-22 08:42:28"
"49cb5430c7c5ec7938d31f296c550f09220b895f","AlexandreDecan","2016-04-18 12:51:26","AlexandreDecan","2016-04-22 08:42:28"
"4538f20709f2f4c617c85db6cdb1c3023ad1cfe0","AlexandreDecan","2016-04-17 16:15:52","AlexandreDecan","2016-04-22 08:42:28"
"4a1ab9f180d0cd24236c581368075010e62b8218","EdwardBetts","2016-04-16 12:35:38","AlexandreDecan","2016-04-22 08:42:28"
"eb366d338bf1bf1c6754f878cb9fc310e78c6a3f","AlexandreDecan","2016-04-22 08:35:33","AlexandreDecan","2016-04-22 08:35:33"
"2370840cec1d0b4e897485ee5a7c82ebea213108","AlexandreDecan","2016-04-21 14:45:45","AlexandreDecan","2016-04-21 14:45:45"
"86449cc58bd035a2851af88eb3ec445fa1ccf860","AlexandreDecan","2016-04-21 14:29:58","AlexandreDecan","2016-04-21 14:29:58"
"b352c7775245058e5765ca4017b11ced4bf43db6","AlexandreDecan","2016-04-21 14:23:46","AlexandreDecan","2016-04-21 14:23:46"
"40590d18a05e60846fabc26eb5e3718ff5f327ab","AlexandreDecan","2016-04-21 08:53:39","AlexandreDecan","2016-04-21 08:53:39"
"d7b765f58e32ca0083b92ced7c4d7994036ec2e3","AlexandreDecan","2016-04-21 07:42:28","AlexandreDecan","2016-04-21 07:42:28"
"ffb6ef590d7d7e0679ff8a753d6836805fb76122","AlexandreDecan","2016-04-19 13:17:23","AlexandreDecan","2016-04-19 13:17:23"
"04741530a580a3616bf6a108a9efed7a6ce4a022","AlexandreDecan","2016-04-19 09:36:24","AlexandreDecan","2016-04-19 09:36:24"
"b33ff0208d497fd959713f5426c8db3d5bbca4fc","AlexandreDecan","2016-04-19 09:23:33","AlexandreDecan","2016-04-19 09:23:33"
"22a3440b4d8b37f3d637aa67ac1a59bdf5b11297","AlexandreDecan","2016-04-19 08:08:13","AlexandreDecan","2016-04-19 08:08:13"
"7ea6bb7c79201daa83b58221680bccfbbfceaaf2","AlexandreDecan","2016-04-19 07:41:09","AlexandreDecan","2016-04-19 07:41:09"
"830c601bf313b2f4636da324e2aa479c45484176","AlexandreDecan","2016-04-19 07:28:30","AlexandreDecan","2016-04-19 07:30:07"
"ac14815b4df2eddc506b9816d1cd70545cc1bae9","AlexandreDecan","2016-04-19 07:07:06","AlexandreDecan","2016-04-19 07:07:06"
"c7fac3b68afc18d1269ffea6a71e692096168538","AlexandreDecan","2016-04-18 15:02:54","AlexandreDecan","2016-04-18 15:02:54"
"c070e8cd77aa2d52c3146aa59adbb2416121d3a5","AlexandreDecan","2016-04-18 14:47:02","AlexandreDecan","2016-04-18 14:47:02"
"fa8293eb68c154690235806c6ffe4faf0d90d5bd","AlexandreDecan","2016-04-18 14:34:33","AlexandreDecan","2016-04-18 14:34:33"
"4d842950d8f213983427983ade53f89102e7c690","AlexandreDecan","2016-04-18 14:07:19","AlexandreDecan","2016-04-18 14:07:19"
"10b202595a53b0e4a3682939e26d2616a431249f","AlexandreDecan","2016-04-18 13:57:36","AlexandreDecan","2016-04-18 13:57:36"
"099b7f730e5e959168d617b369019599743e6e59","AlexandreDecan","2016-04-18 13:48:10","AlexandreDecan","2016-04-18 13:48:10"
"1f2bef043e480c7fe9c6b7a4f9c34eeef6baf845","AlexandreDecan","2016-04-18 13:01:04","AlexandreDecan","2016-04-18 13:02:07"
"0b1a9c81679ca3faabd52dc03df97cec70563e0c","AlexandreDecan","2016-04-18 13:00:29","AlexandreDecan","2016-04-18 13:00:29"
"1ba6cfb66f51f74cc4b304760561f5c2aff555c7","AlexandreDecan","2016-04-18 12:51:26","AlexandreDecan","2016-04-18 12:51:26"
"fec6b0658aa02e8fa2c2fe815bf6abcf1476174e","AlexandreDecan","2016-04-17 16:18:53","AlexandreDecan","2016-04-17 16:18:53"
"19f9bfffdf46bc2712dd6d3078509e5abe04a369","AlexandreDecan","2016-04-17 16:15:52","AlexandreDecan","2016-04-17 16:15:52"
"7ffbab061bc79c2c555052f82ec6a93492c3abba","AlexandreDecan","2016-04-17 07:42:53","AlexandreDecan","2016-04-17 07:42:53"
"e56ad4361b1d41af13a526aacdc2b404a0343c86","AlexandreDecan","2016-04-17 07:42:27","AlexandreDecan","2016-04-17 07:42:27"
"7556a2af725018f32e56289bc81d594bebbae557","EdwardBetts","2016-04-16 12:35:38","EdwardBetts","2016-04-16 12:35:38"
"b0283be136f7ce89ec827c4785a06d7eeaba9c9e","AlexandreDecan","2016-04-16 07:58:06","AlexandreDecan","2016-04-16 07:58:06"
"a52aaeed219d6639aa6b424fb671e07f64f013e9","AlexandreDecan","2016-04-15 13:45:45","AlexandreDecan","2016-04-15 13:45:45"
"aa5a5b0a1deff0de63beb25976df7ebdb336a2c1","AlexandreDecan","2016-04-15 12:39:08","AlexandreDecan","2016-04-15 12:39:08"
"dd84a0f7f02ae4e978ecabc242d45004cc6b210c","AlexandreDecan","2016-04-15 08:40:26","AlexandreDecan","2016-04-15 08:40:26"
"4ab6e68f6eb501b7d6d15dec1f36195e40016968","AlexandreDecan","2016-04-15 08:10:16","AlexandreDecan","2016-04-15 08:10:16"
"b364530f610bc2085d23f5d98b874db2c09970c0","AlexandreDecan","2016-04-15 07:59:54","AlexandreDecan","2016-04-15 07:59:54"
"ae9c2295365b5cc8aed7cea92a1814837b533971","AlexandreDecan","2016-04-14 08:53:05","AlexandreDecan","2016-04-14 08:53:05"
"d04a33e28e553508f484c95c89e402ca6dcaf9a0","AlexandreDecan","2016-04-14 07:56:38","AlexandreDecan","2016-04-14 07:56:38"
"ba92da08a438521b7c441a8b53dbea3616657ed5","AlexandreDecan","2016-04-14 07:54:37","AlexandreDecan","2016-04-14 07:54:37"
"2161fec7bbe8a6f96ffdea0c849f769292fdc733","AlexandreDecan","2016-04-14 07:49:46","AlexandreDecan","2016-04-14 07:49:46"
"04ca464330480c9af398edaa1d0d58b4d4d0a233","AlexandreDecan","2016-04-13 08:08:37","AlexandreDecan","2016-04-13 08:09:51"
"e44168b149f0dce4b46745fe03332f4b73a47fcb","AlexandreDecan","2016-04-12 15:55:27","AlexandreDecan","2016-04-12 15:55:27"
"b8eae8e693270274baf8dc9ba956ff1e8a1dd6d5","AlexandreDecan","2016-04-12 14:54:16","AlexandreDecan","2016-04-12 14:54:16"
"0d6a86c2829556d947bb2966e82ab04b08719178","AlexandreDecan","2016-04-12 13:53:24","AlexandreDecan","2016-04-12 13:53:24"
"62dd347d9d9828d69da5c9b111ee374650848d8d","AlexandreDecan","2016-04-12 13:46:28","AlexandreDecan","2016-04-12 13:46:28"
"c6e1b08a00f901a9cb5ddf99823026c448bacb3f","AlexandreDecan","2016-04-12 13:01:50","AlexandreDecan","2016-04-12 13:01:50"
"06425a4b27262eb1da8a58401e8df749ddfe4992","AlexandreDecan","2016-04-12 10:09:51","AlexandreDecan","2016-04-12 10:09:51"
"155a6d38f7d1bd5e4be3b2007bb87d75c4e017ec","AlexandreDecan","2016-04-12 09:51:06","AlexandreDecan","2016-04-12 09:51:06"
"34cdd9b09a6df61f914d2bb71711511c4550321f","AlexandreDecan","2016-04-12 07:15:49","AlexandreDecan","2016-04-12 07:16:09"
"f5ab3ab554d770d3f696cfaf7b5703140dbb3bd9","AlexandreDecan","2016-04-11 15:47:36","AlexandreDecan","2016-04-11 15:47:36"
"41dffbed05faa212e224341f4a0b2484deb0a84f","AlexandreDecan","2016-04-08 09:54:47","AlexandreDecan","2016-04-08 09:54:47"
"e77b7859994c1f797c851d4ba00267f70b2ae64a","AlexandreDecan","2016-03-25 13:57:47","AlexandreDecan","2016-03-25 13:57:47"
"c6837e510b7d6e6fdc65a16a6a765bc102a79e3e","AlexandreDecan","2016-03-25 13:50:32","AlexandreDecan","2016-03-25 13:50:32"
"4988fe7d5ac0cfc169b3a7e2b43424273823ec77","AlexandreDecan","2016-03-23 16:08:06","AlexandreDecan","2016-03-23 16:08:06"
"b9aa41fa87d76361f90c1836380df577877d0770","AlexandreDecan","2016-03-23 13:42:49","AlexandreDecan","2016-03-23 13:42:49"
"d3b1482230f5fe3a3247bcff23d0c8277b7a0f87","AlexandreDecan","2016-03-22 10:54:23","AlexandreDecan","2016-03-22 10:54:23"
"4aa20a5dd25c41b0784d371d1b28fd3b4b5049f2","AlexandreDecan","2016-03-22 10:26:24","AlexandreDecan","2016-03-22 10:26:24"
"34651dc226592e88a13accacc3e378e700d443d1","AlexandreDecan","2016-03-22 09:45:30","AlexandreDecan","2016-03-22 09:45:30"
"a3ad5668fb490dbce636dd8633d18ceefde32fec","AlexandreDecan","2016-03-22 09:45:12","AlexandreDecan","2016-03-22 09:45:12"
"e2617fadb91a4412244ede814bf9c25678a0daed","AlexandreDecan","2016-03-06 10:30:49","AlexandreDecan","2016-03-06 10:30:49"
"d01b09bf591cd33fc03f7f0b0e5553af01c6c0e5","AlexandreDecan","2016-03-01 10:18:44","AlexandreDecan","2016-03-01 10:18:44"
"d2f21fff03d6a7ba2e02fe765eb73e4e71b8d4df","AlexandreDecan","2016-02-25 08:10:11","AlexandreDecan","2016-02-25 08:10:11"
"8d75d621c10c5ab27a1758f862a2a138f6eb096b","AlexandreDecan","2016-02-25 07:32:15","AlexandreDecan","2016-02-25 07:32:15"
"7acf20c5a1a2b44eeb0edc1d27f3b6105f32663f","mgoeminne","2016-02-25 07:29:07","mgoeminne","2016-02-25 07:29:07"
"57b8d1454cc811521716ee92f40752abbe32fd72","AlexandreDecan","2016-02-24 19:03:35","AlexandreDecan","2016-02-24 19:03:35"
"275f7da65a19890c6882dff544078b1e34bec538","AlexandreDecan","2016-02-23 07:58:52","AlexandreDecan","2016-02-23 09:49:04"
"240487946c7b8fda7a351712e124b978d5499391","AlexandreDecan","2016-02-19 11:04:52","AlexandreDecan","2016-02-19 11:04:52"
"79b676c8e510f649ffcedea789d9bcbea9afd824","AlexandreDecan","2016-02-18 10:00:28","AlexandreDecan","2016-02-18 10:00:28"
"2717a9032287274299e48ccaa250f8fdfe7f7873","AlexandreDecan","2016-02-17 12:14:29","AlexandreDecan","2016-02-17 12:14:29"
"ee50469949d5283ce0c771c726c2c4907ffacc2f","AlexandreDecan","2016-02-17 09:57:49","AlexandreDecan","2016-02-17 09:57:49"
"bee5fc52a3010f6f71cb066b829d48d54c63f695","AlexandreDecan","2016-02-17 09:55:41","AlexandreDecan","2016-02-17 09:55:41"
"e8ec398cf239d12f0da1971c17bea08e00d97f51","AlexandreDecan","2016-02-16 11:06:37","AlexandreDecan","2016-02-16 11:06:37"
"5e27d6020a7c544e4a1a6963d903c71481fc3194","AlexandreDecan","2016-02-16 08:24:51","AlexandreDecan","2016-02-16 08:24:51"
"466e1e58922acfd9b6cebfeb98a946746421b52b","AlexandreDecan","2016-02-15 16:28:02","AlexandreDecan","2016-02-15 16:28:02"
"842f307b9fa68fed7d14be7f14bcbc300bf44649","AlexandreDecan","2016-02-15 16:13:06","AlexandreDecan","2016-02-15 16:13:06"
"07e0998c88b712636705f7fbf3f3db694eb70171","AlexandreDecan","2016-02-15 15:30:00","AlexandreDecan","2016-02-15 15:30:00"
"bc7f0f139c63541b2b8d14b758448b97bad6e6ff","AlexandreDecan","2016-02-15 14:00:08","AlexandreDecan","2016-02-15 14:00:08"
"c55518c06e91f2977fd258c377218a825b8b40c9","AlexandreDecan","2016-02-15 09:36:56","AlexandreDecan","2016-02-15 09:36:56"
"17fc19bba002d10ffed3f732fa7f4a6b02f621a5","AlexandreDecan","2016-02-12 19:55:11","AlexandreDecan","2016-02-12 19:55:11"
"f4fae23301954f131a582286e48bfc559e61f57d","AlexandreDecan","2016-02-10 19:35:45","AlexandreDecan","2016-02-10 19:35:45"
"1082cd068a6cf23d6f1ed7ec43efa3c05312f259","AlexandreDecan","2016-02-10 19:28:56","AlexandreDecan","2016-02-10 19:28:56"
"c810c79e03acfe0e614aa782142ddc88b0a5228d","AlexandreDecan","2016-02-10 19:18:56","AlexandreDecan","2016-02-10 19:18:56"
"91948fff4d4c7a9c1f6c8f7b476632528adf6d89","AlexandreDecan","2016-02-10 19:15:47","AlexandreDecan","2016-02-10 19:15:47"
"827a2dab94efea426b079abdec9c461ce00111e8","AlexandreDecan","2016-02-10 19:13:48","AlexandreDecan","2016-02-10 19:13:48"
"5706af158cbcbf165724da12cec4ae8bd17cdc27","AlexandreDecan","2016-02-10 19:13:34","AlexandreDecan","2016-02-10 19:13:34"
"d744d8e4d4df6e783c16564d07e4b843d6e5b7b4","AlexandreDecan","2016-02-10 19:13:04","AlexandreDecan","2016-02-10 19:13:04"
"7324c551b863d62b2f17ec92c770970927dcd713","AlexandreDecan","2016-02-09 15:53:53","AlexandreDecan","2016-02-09 15:53:53"
"1757182a0368014837119e478595b635c447b63e","AlexandreDecan","2016-02-08 10:23:42","AlexandreDecan","2016-02-08 10:23:42"
"51928cebf8883ecb59c39c0f284cf3242dc59fbe","AlexandreDecan","2016-02-08 10:14:22","AlexandreDecan","2016-02-08 10:14:22"
"9dcf1489e8403241c03be657eaec5df51fca7bfc","AlexandreDecan","2016-02-08 10:09:11","AlexandreDecan","2016-02-08 10:09:11"
"efedca5a94b1eeca95e6ef3f7db7ea631b9772a7","AlexandreDecan","2016-02-08 09:58:36","AlexandreDecan","2016-02-08 09:58:36"
"799442217cedc0dd0e367c08b869200482d65c5f","AlexandreDecan","2016-02-08 09:39:24","AlexandreDecan","2016-02-08 09:39:24"
"7a7833ec7412dd1783c68a952ba413d083a88fb6","AlexandreDecan","2016-02-08 09:38:07","AlexandreDecan","2016-02-08 09:38:07"
"6d9ee4e7edda0bd0ec0cad265fae92100815919b","AlexandreDecan","2016-02-08 09:27:37","AlexandreDecan","2016-02-08 09:27:37"
"f6f5ef6af92358a778a14a97f8b4d5d57358cb01","AlexandreDecan","2016-02-08 09:00:08","AlexandreDecan","2016-02-08 09:00:08"
"58966975e25daa184aa01dc8efaa0662b703e5b8","AlexandreDecan","2016-02-08 08:56:04","AlexandreDecan","2016-02-08 08:56:04"
"4ee675b1343d5f79bffa041f699e310e4370e1cd","AlexandreDecan","2016-02-08 08:46:43","AlexandreDecan","2016-02-08 08:46:43"
"f5cda8693d841f3bb861b9d19af55c5ec4a80548","AlexandreDecan","2016-02-08 08:46:33","AlexandreDecan","2016-02-08 08:46:33"
"988a7d24979c18aca0625c03a9b20b604814aefa","AlexandreDecan","2016-02-08 08:41:03","AlexandreDecan","2016-02-08 08:41:03"
"4c41952d40e46cca5eb5e41a487f1fe852fe692c","AlexandreDecan","2016-02-05 12:44:07","AlexandreDecan","2016-02-05 12:44:07"
"e912114550db0d138549e0b1566cc5a9e41a0f7e","AlexandreDecan","2016-02-03 13:54:21","AlexandreDecan","2016-02-03 13:54:21"
"25c7a8ad0779777b464a1cbf957451e18ec8872e","AlexandreDecan","2016-02-03 13:43:45","AlexandreDecan","2016-02-03 13:43:45"
"433e508164f2e774c20364c5fe743479caf59421","AlexandreDecan","2016-02-03 13:40:15","AlexandreDecan","2016-02-03 13:40:15"
"0aa28926aa32ada171b93909055bb706bf4836b3","AlexandreDecan","2016-02-03 13:38:05","AlexandreDecan","2016-02-03 13:38:05"
"59b23a285ffe0477c529175a72756df2427e0776","AlexandreDecan","2016-02-03 13:37:45","AlexandreDecan","2016-02-03 13:37:45"
"37cd295b30212cfeb1e1474ff45493980b5f6502","AlexandreDecan","2016-02-03 13:32:58","AlexandreDecan","2016-02-03 13:32:58"
"57c4e596f97cc821da623490fdc97113fd3c1b9f","AlexandreDecan","2016-02-03 13:30:28","AlexandreDecan","2016-02-03 13:30:52"
"d0990425eaf8a3e130edbe2d3179e29a72dc368e","AlexandreDecan","2016-02-03 13:25:46","AlexandreDecan","2016-02-03 13:25:46"
"95629ba37ba1aa16ca5ab472092d19c22afdc1a4","AlexandreDecan","2016-02-03 13:25:35","AlexandreDecan","2016-02-03 13:25:35"
"2c3e62032054163aa3ac43ce7e36d8a3db71e0de","tommens","2016-02-03 09:13:18","tommens","2016-02-03 09:13:18"
"128df9448aab5fc0c4c745aad410753e515a814b","AlexandreDecan","2016-01-26 13:14:45","AlexandreDecan","2016-01-29 14:41:07"
"abe3c2859dd587f04ca886a875109d6911994f7a","AlexandreDecan","2016-01-29 14:30:57","AlexandreDecan","2016-01-29 14:30:57"
"81aeffd2a2d026e728b278dcb46db5572be2cf22","AlexandreDecan","2016-01-29 14:28:26","AlexandreDecan","2016-01-29 14:28:45"
"314078d4c980f00c84d0c45733505feed9d23cce","AlexandreDecan","2016-01-29 14:18:00","AlexandreDecan","2016-01-29 14:18:00"
"91f8cdc8b04b94a4326d637433779973dc7cb25a","AlexandreDecan","2016-01-29 09:50:34","AlexandreDecan","2016-01-29 09:50:34"
"bafd17b21f85b6899c59472aba4deda562c3e765","AlexandreDecan","2016-01-29 09:17:27","AlexandreDecan","2016-01-29 09:17:27"
"f833644a5df880fc0e549344dfcfd5fa989e3078","AlexandreDecan","2016-01-29 09:04:58","AlexandreDecan","2016-01-29 09:04:58"
"7e78f64d10df9d7332591a719d0bd94cbf8902cb","AlexandreDecan","2016-01-29 08:58:10","AlexandreDecan","2016-01-29 08:58:10"
"18509a0619165af03e33a5eecce3a218a8167ec5","AlexandreDecan","2016-01-29 08:10:05","AlexandreDecan","2016-01-29 08:13:17"
"c14525230df063e19081be8b9c69553b489bb6f4","AlexandreDecan","2016-01-29 08:00:48","AlexandreDecan","2016-01-29 08:00:48"
"7e3145797984187ebd98174e401ccc3fe919f1ba","AlexandreDecan","2016-01-28 20:21:07","AlexandreDecan","2016-01-28 20:21:07"
"f5a90a96d36c174136c9a59d3f40eba09fc5ff32","AlexandreDecan","2016-01-28 13:56:39","AlexandreDecan","2016-01-28 13:56:39"
"990945690f279070dffce81298a34a14778e37be","AlexandreDecan","2016-01-28 13:54:19","AlexandreDecan","2016-01-28 13:56:24"
"35806fa5c1ca0cbcda1b03af1e4eadbf2a4b5cf3","mgoeminne","2016-01-25 16:51:45","AlexandreDecan","2016-01-28 13:56:14"
"0f9880a04e21104f05aa73e0e6410590f8d37ff4","AlexandreDecan","2016-01-28 07:42:37","AlexandreDecan","2016-01-28 13:56:14"
"f359a54f44a7e8769022d0e08f7c00c03158af7d","AlexandreDecan","2016-01-28 07:42:37","AlexandreDecan","2016-01-28 07:42:37"
"0304ed3a6dfaf9b45fb339f6ddcfcb91f272c308","AlexandreDecan","2016-01-27 20:44:42","AlexandreDecan","2016-01-27 20:44:42"
"779e0ca08e2cd38f694713b2a849c742653cf615","AlexandreDecan","2016-01-27 20:10:08","AlexandreDecan","2016-01-27 20:44:34"
"d31d7661b7ed6f7ace227c75231d933f82cd2d38","AlexandreDecan","2016-01-27 20:10:08","AlexandreDecan","2016-01-27 20:10:08"
"bfbd9801b3e13dab65c3ce5abcbcc40cea5b618c","AlexandreDecan","2016-01-25 16:21:31","AlexandreDecan","2016-01-25 16:21:31"
"9445ee621a8816859943a312097aadd3bdc55387","AlexandreDecan","2016-01-25 14:01:58","AlexandreDecan","2016-01-25 14:01:58"
"d62d65ac65e91721021ac4940eaeb8220ec3579a","AlexandreDecan","2016-01-25 13:54:27","AlexandreDecan","2016-01-25 13:54:27"
"bb231aa66ca2059652c9da7ddcb810de0c545bd6","AlexandreDecan","2016-01-25 13:53:16","AlexandreDecan","2016-01-25 13:53:16"
"d07d9aa1e3ad6e74bed294a73e0d58aded3c3d8f","AlexandreDecan","2016-01-25 13:49:57","AlexandreDecan","2016-01-25 13:52:05"
"c22070750d59f5dc6a43660ed8477359214580d9","AlexandreDecan","2016-01-24 13:39:37","AlexandreDecan","2016-01-24 13:39:37"
"91cd6ef91ac07f5d29c26f74c8e45ce7a7aa6780","AlexandreDecan","2016-01-24 10:37:25","AlexandreDecan","2016-01-24 10:37:25"
"623f7a2d73c44ad2c653150b7361035b992880f9","AlexandreDecan","2016-01-23 13:59:10","AlexandreDecan","2016-01-23 13:59:10"
"32dcdc242e1ff43c910db5c9845fdc2bd470a414","AlexandreDecan","2016-01-21 14:20:17","AlexandreDecan","2016-01-21 14:20:17"
"635dc26996b2233b101973d332e4ba6340f8438a","AlexandreDecan","2016-01-21 13:27:18","AlexandreDecan","2016-01-21 13:27:18"
"62e7f7bfc845ba62298237c9f5c9a47defd05dab","AlexandreDecan","2016-01-21 12:29:24","AlexandreDecan","2016-01-21 12:29:24"
"f51292a88c80d6f2677430c42ba0443eacb72d46","AlexandreDecan","2016-01-21 11:23:03","AlexandreDecan","2016-01-21 11:23:03"
"0ca00bbab040928081a5b44b948a626018fad66d","AlexandreDecan","2016-01-21 10:05:20","AlexandreDecan","2016-01-21 10:05:20"
"d5768496726a0dfb66f180cb5e29f4a46a1b5354","AlexandreDecan","2016-01-21 10:03:06","AlexandreDecan","2016-01-21 10:03:06"
"eb29ed142b531157262d2f676885479050879857","AlexandreDecan","2016-01-21 09:10:08","AlexandreDecan","2016-01-21 09:10:08"
"31c89c35c28b2f70cb7002721d188a5ba6f9b177","mgoeminne","2016-01-21 08:58:50","mgoeminne","2016-01-21 08:58:50"
"a9c5f042e1c338c60d64ce7ea953222b3bd80148","AlexandreDecan","2016-01-21 08:31:01","AlexandreDecan","2016-01-21 08:31:01"
"ef4eb84d7997443a50e091c7bcca63307ca1a48f","AlexandreDecan","2016-01-20 19:38:37","AlexandreDecan","2016-01-20 19:38:37"
"ac1c077804bc58082c79e34757e0c1d79fad03d2","AlexandreDecan","2016-01-20 19:28:28","AlexandreDecan","2016-01-20 19:28:28"
"8712e8a0501e00c90539617510239e2e1e8d700d","AlexandreDecan","2016-01-20 18:47:18","AlexandreDecan","2016-01-20 19:28:06"
"7cfe999651fda85cdb05a64947b485e2e9336dd4","AlexandreDecan","2016-01-20 18:47:18","AlexandreDecan","2016-01-20 18:47:18"
"4c508111ec1c4f8baaf828b2360278d398e99056","AlexandreDecan","2016-01-20 17:29:33","AlexandreDecan","2016-01-20 17:29:33"
"2b832b0c4002122c73113ad75067d92438e56620","AlexandreDecan","2016-01-20 15:42:20","AlexandreDecan","2016-01-20 15:42:20"
"4213d237eaf9358185da1220760d856f55cbd6e8","AlexandreDecan","2016-01-20 13:00:05","AlexandreDecan","2016-01-20 13:00:05"
"dfd5f94a669a92484b94306c98594b6e77dd2b51","AlexandreDecan","2016-01-20 12:59:37","AlexandreDecan","2016-01-20 12:59:37"
"4e91fd4b0ffa1bec6dd8969e52e8faac59b23429","AlexandreDecan","2016-01-19 19:40:24","AlexandreDecan","2016-01-19 19:40:24"
"bb92d2634c999ee56a9d28d7436c63f96cf402f0","AlexandreDecan","2016-01-19 18:29:26","AlexandreDecan","2016-01-19 18:29:26"
"82f812e2091a80ad63f040e2283f77c630cc40c9","AlexandreDecan","2016-01-19 18:00:41","AlexandreDecan","2016-01-19 18:00:41"
"52b0f2c5dd4c95f7392a7a7d22c8c03c941735e5","AlexandreDecan","2016-01-19 17:56:56","AlexandreDecan","2016-01-19 17:57:30"
"7b38ad005a26cf60bfa8cc900a439d16dc4d26ce","AlexandreDecan","2016-01-19 15:00:28","AlexandreDecan","2016-01-19 15:00:28"
"98496c012aa839da362aeb01aedc016724b2cff1","AlexandreDecan","2016-01-19 14:51:07","AlexandreDecan","2016-01-19 14:51:07"
"f0e3f15002919f5215c251a22edad0a4663deeb7","AlexandreDecan","2016-01-19 14:17:06","AlexandreDecan","2016-01-19 14:18:07"
"a240df20e1696c7b9d033d8495281134881659bc","AlexandreDecan","2016-01-19 14:01:26","AlexandreDecan","2016-01-19 14:01:26"
"76ecc6dd9256a1e2c545dc71b418d5711974002a","AlexandreDecan","2016-01-19 13:48:58","AlexandreDecan","2016-01-19 13:48:58"
"bb97e42dc2db6a26157a51e94647f56304bc2eb1","AlexandreDecan","2016-01-19 13:48:21","AlexandreDecan","2016-01-19 13:48:21"
"b092924ecdc94b0fe4b5acdc600cfe183c272843","mgoeminne","2016-01-19 13:44:44","mgoeminne","2016-01-19 13:44:44"
"300ceb5e325838f6e765fab160ffc0b7a5bcf9bd","AlexandreDecan","2016-01-19 10:46:32","AlexandreDecan","2016-01-19 10:46:32"
"d192fef36d0c2d5b1b8b906629b67f4ed9892eb4","AlexandreDecan","2016-01-19 10:39:43","AlexandreDecan","2016-01-19 10:39:43"
"c8a01c1747ce8baa073152983c59f186c99e0a81","AlexandreDecan","2016-01-19 10:35:20","AlexandreDecan","2016-01-19 10:35:20"
"ae29291b39570842550a935e8a94afa941be81c9","AlexandreDecan","2016-01-19 10:23:00","AlexandreDecan","2016-01-19 10:23:00"
"12a8efb1ba017934fd71e39e734ee0058a73007a","AlexandreDecan","2016-01-19 10:20:34","AlexandreDecan","2016-01-19 10:20:34"
"4d8985de86ccc67b5b2d5f3025a38149a8d989df","AlexandreDecan","2016-01-19 10:07:37","AlexandreDecan","2016-01-19 10:07:37"
"48497a535dfedf0834aae32aedfa4b0086f9d2c6","AlexandreDecan","2016-01-19 08:57:51","AlexandreDecan","2016-01-19 08:57:51"
"07141c522443b72e18d4758601e2a4e2f78f2bfa","AlexandreDecan","2016-01-19 08:43:18","AlexandreDecan","2016-01-19 08:43:18"
"0deb77628b2f251568d27056ec1696b5702079c7","AlexandreDecan","2016-01-19 08:34:00","AlexandreDecan","2016-01-19 08:40:54"
"2c41e9af04f54ff07372324ca8a86ae087ded3d8","AlexandreDecan","2016-01-19 08:34:00","AlexandreDecan","2016-01-19 08:34:00"
"f80d402bba535e505a70d22ec60f051365096a2c","AlexandreDecan","2016-01-19 08:29:40","AlexandreDecan","2016-01-19 08:29:40"
"69db7a9153db7b70a3fb5d8f876e89930d4fbd4b","AlexandreDecan","2016-01-19 08:29:26","AlexandreDecan","2016-01-19 08:29:26"
"2d7335828fa90802706bf85d73ea0bfa09c6fbb3","AlexandreDecan","2016-01-19 08:12:06","AlexandreDecan","2016-01-19 08:12:06"
"5b7f406157b5d927216b97e77bb716b69aeac0f6","AlexandreDecan","2016-01-18 20:34:15","AlexandreDecan","2016-01-18 20:34:15"
"c02de7d53218d7d12ccbd02c44923d0d46d42440","tommens","2016-01-18 20:29:53","tommens","2016-01-18 20:29:53"
"ed1e51b50ed6be281ad29a7b701262f401e213a8","AlexandreDecan","2016-01-18 17:23:08","AlexandreDecan","2016-01-18 17:23:08"
"be1e83ad5dd666b2bcf952d3d6fc95f36be78684","AlexandreDecan","2016-01-18 17:05:05","AlexandreDecan","2016-01-18 17:09:24"
"ab981ef6ec6ed0cc0d89f68313d4396888df9558","AlexandreDecan","2016-01-18 17:01:02","AlexandreDecan","2016-01-18 17:01:02"
"cf108030466743167af45ec3285270801017cd36","AlexandreDecan","2016-01-18 16:56:03","AlexandreDecan","2016-01-18 16:56:03"
"d927be8df1eee2c48f7a70282412769df6d2cc6c","AlexandreDecan","2016-01-18 16:21:08","AlexandreDecan","2016-01-18 16:21:08"
"761acd1a7d1b062f518574cc7a7ea54c3d5e25b4","AlexandreDecan","2016-01-18 14:44:43","AlexandreDecan","2016-01-18 14:44:43"
"0bb48a61147d896d21a504ed03db876d21f41739","AlexandreDecan","2016-01-18 14:31:15","AlexandreDecan","2016-01-18 14:31:15"
"56a4bc181cd63b02cf33d50b130d24aaee321869","AlexandreDecan","2016-01-18 14:08:14","AlexandreDecan","2016-01-18 14:09:06"
"8f362536c347855185f1d331bfee1e49d06d6d0f","AlexandreDecan","2016-01-18 13:57:34","AlexandreDecan","2016-01-18 13:57:34"
"054dd47ed074c6419196d11c6ab6b918531ce45c","AlexandreDecan","2016-01-18 13:41:24","AlexandreDecan","2016-01-18 13:41:24"
"18a5b9f016b9b0058c9d4c62961740f1716b6d0e","AlexandreDecan","2016-01-18 13:26:10","AlexandreDecan","2016-01-18 13:26:10"
"794eae51a19d031aacdd32b5339519e4dbe48139","AlexandreDecan","2016-01-18 12:36:25","AlexandreDecan","2016-01-18 12:36:25"
"d704e288eb3cc2d59e1718db04061871fc099e7a","AlexandreDecan","2016-01-18 12:21:10","AlexandreDecan","2016-01-18 12:21:10"
"9bb6860e54492024276022d68bb3da6d08a52478","AlexandreDecan","2016-01-18 12:17:20","AlexandreDecan","2016-01-18 12:19:05"
"291bcbd44716b3f3d8d835aa6156f1818fe22285","AlexandreDecan","2016-01-18 12:16:24","AlexandreDecan","2016-01-18 12:16:24"
"be8efc2936f7cb2b29c6cf4b966f4ac6845a5ee2","AlexandreDecan","2016-01-18 11:58:44","AlexandreDecan","2016-01-18 11:58:44"
"927f663f75ae50c948f3fd369930501e9a9a1eb1","AlexandreDecan","2016-01-18 11:51:39","AlexandreDecan","2016-01-18 11:51:39"
"fb888ee01fa813d34e75c51191912e4cd0df6fa2","AlexandreDecan","2016-01-18 11:35:03","AlexandreDecan","2016-01-18 11:37:37"
"9974af59cd2c274c116c28a0e528f4e84c7d9544","AlexandreDecan","2016-01-18 10:45:43","AlexandreDecan","2016-01-18 10:45:43"
"f8bbc21e7cc69f650d13bd0272756a8f78af9959","AlexandreDecan","2016-01-18 08:48:28","AlexandreDecan","2016-01-18 10:26:23"
"1aa0de07b2feca526c9b75800edea99848347bd3","AlexandreDecan","2016-01-18 08:35:57","AlexandreDecan","2016-01-18 08:35:57"
"1f94f3b9faf06068cd77f210c36d255fcf7397b6","AlexandreDecan","2016-01-18 08:32:56","AlexandreDecan","2016-01-18 08:32:56"
"c5842974085f9458e669f0805d59dc22fa8dd77d","AlexandreDecan","2016-01-18 08:25:07","AlexandreDecan","2016-01-18 08:25:07"
"e2747c8d08cc7d59b86ac8ed6d219a8db12ed7cb","AlexandreDecan","2016-01-17 12:00:18","AlexandreDecan","2016-01-17 12:00:18"
"630fddceb9cb69e74c3f58ff8d12fd825c8a238c","AlexandreDecan","2016-01-17 11:57:07","AlexandreDecan","2016-01-17 11:57:07"
"7ae339af4f7ba8736a5d2f0a4640f863d0e6eecd","AlexandreDecan","2016-01-17 09:14:33","AlexandreDecan","2016-01-17 09:14:33"
"d40579b5e2be448f9e133e3a8e8d81e0436b5c2e","AlexandreDecan","2016-01-17 09:11:50","AlexandreDecan","2016-01-17 09:11:50"
"64d25af28356c38495991c0cf936feeaba11c440","AlexandreDecan","2016-01-17 09:11:30","AlexandreDecan","2016-01-17 09:11:30"
"5bf0404de022cf2e03f1a73d35d90b7b91df551c","AlexandreDecan","2016-01-16 13:29:17","AlexandreDecan","2016-01-16 13:29:17"
"8666eb518501d07a20849e016a23223e0444a469","AlexandreDecan","2016-01-16 13:27:55","AlexandreDecan","2016-01-16 13:27:55"
"0be5c6aa951d8d8cfe569856fcc09f40f40c9b1d","AlexandreDecan","2016-01-15 13:51:27","AlexandreDecan","2016-01-15 13:51:27"
"b720ee69e7cf7eb4734d64f99abed10d7fbb3a8b","AlexandreDecan","2016-01-15 13:50:26","AlexandreDecan","2016-01-15 13:50:26"
"e8343ef3e9ebdfd518306f175796e44c338422bb","AlexandreDecan","2016-01-15 13:50:13","AlexandreDecan","2016-01-15 13:50:13"
"a013fe518e30b8fe22b20de58f76a5a1cbe98e50","AlexandreDecan","2016-01-15 13:11:52","AlexandreDecan","2016-01-15 13:12:11"
"a1adaa0801bc82cf35c53be630ab98379dec3293","AlexandreDecan","2016-01-14 13:13:02","AlexandreDecan","2016-01-14 13:13:02"
"6fb17adf76a6aa5cb3aa61c904e78ea1b41b2d72","AlexandreDecan","2016-01-14 10:59:38","AlexandreDecan","2016-01-14 10:59:38"
"ba24ff86e9f3f596d73df6a3a59d57c50c07fda9","AlexandreDecan","2016-01-13 19:30:34","AlexandreDecan","2016-01-13 19:30:34"
"f6392ca2f9bfe51e1dfae3e05e41490e5b297181","AlexandreDecan","2016-01-13 19:30:05","AlexandreDecan","2016-01-13 19:30:05"
"82ca8afdf99034a4ba281e53391b4ba105d93833","AlexandreDecan","2016-01-13 19:29:41","AlexandreDecan","2016-01-13 19:29:41"
"c73e279d9722afe38c23fa717931594623157d75","AlexandreDecan","2016-01-13 16:54:08","AlexandreDecan","2016-01-13 16:54:08"
"d941df55c65e03090ff8f5a3815fb0b49f715358","AlexandreDecan","2016-01-13 12:55:54","AlexandreDecan","2016-01-13 12:55:54"
"2b503a0cdc0f4b947dcb479c1b5e3f179405e771","AlexandreDecan","2016-01-13 11:33:01","AlexandreDecan","2016-01-13 11:33:01"
"944757eb8f0c48950e722f22f187fbad532d1213","AlexandreDecan","2016-01-13 09:55:37","AlexandreDecan","2016-01-13 09:55:37"
"670d2f80a89a9383f811818015771ac474872a25","AlexandreDecan","2016-01-12 20:06:24","AlexandreDecan","2016-01-12 20:06:24"
"309efbe360ceab6b0d0945fc44cbedc881392b5a","AlexandreDecan","2016-01-12 12:25:23","AlexandreDecan","2016-01-12 12:25:23"
"06a936a330d31f113758a36fe6add5c6a33d9f52","AlexandreDecan","2016-01-12 12:25:14","AlexandreDecan","2016-01-12 12:25:14"
"452613ae7bac909092ee574f832dd3ea8f404f66","AlexandreDecan","2016-01-12 12:16:50","AlexandreDecan","2016-01-12 12:16:50"
"5bb6eab72a902cbaabfcfc09086dcdbf722fec92","AlexandreDecan","2016-01-12 09:02:57","AlexandreDecan","2016-01-12 09:02:57"
"73e49c9b8f12ff314383c1af8e144a157470d92a","AlexandreDecan","2016-01-12 09:01:44","AlexandreDecan","2016-01-12 09:01:44"
"81d4b302313ee880e7d4d2e6893440a7b9640b91","AlexandreDecan","2016-01-12 08:46:14","AlexandreDecan","2016-01-12 08:57:33"
"fd4417d7193887f5d0082fd61fdd4a87af69a1fc","AlexandreDecan","2016-01-12 07:41:30","AlexandreDecan","2016-01-12 07:41:30"
"8e39864c49e4c03d48b58df9808ab7392c2276b8","AlexandreDecan","2016-01-12 07:41:12","AlexandreDecan","2016-01-12 07:41:12"
"26c413d87c362aca7e41d2504324a8d6b0254f4f","tommens","2016-01-11 21:57:00","tommens","2016-01-11 21:57:00"
"44533854745961d1450d9a5faf898fc860fd5a22","tommens","2016-01-11 21:26:46","tommens","2016-01-11 21:26:46"
"fe59c6b9a80b742e82c93d859ba966dd02e63aff","tommens","2016-01-11 21:22:30","tommens","2016-01-11 21:22:30"
"ce83cf0b7a0827f9f5ad0836a0292bed053cc11f","AlexandreDecan","2016-01-11 20:54:39","AlexandreDecan","2016-01-11 20:54:39"
"a69de755651aea8f9855a0abfe4be775898c7ef5","AlexandreDecan","2016-01-11 20:54:01","AlexandreDecan","2016-01-11 20:54:01"
"b76bd9ed0a34ae430dd70981fce892fb677b41fe","evdokim","2016-01-11 20:48:28","evdokim","2016-01-11 20:48:28"
"d6c831d51588dedf018ebea6253c761e5744f189","AlexandreDecan","2016-01-11 20:28:14","AlexandreDecan","2016-01-11 20:28:14"
"b7a1734ea2b468add478aa11676c90e056509c73","AlexandreDecan","2016-01-11 20:21:48","AlexandreDecan","2016-01-11 20:21:48"
"5d7a6de40407e712fa77836b4c6b73e2e80901e8","AlexandreDecan","2016-01-11 20:09:16","AlexandreDecan","2016-01-11 20:09:16"
"a97eee9780d474ec3261402ec64dc75ef23a21ad","AlexandreDecan","2016-01-11 08:11:43","AlexandreDecan","2016-01-11 08:11:43"
"dd702c9793152c7ca584b440f42fb5b69aacdc74","AlexandreDecan","2016-01-10 20:28:21","AlexandreDecan","2016-01-10 20:28:21"
"1979b454adce3182d55d213cd63846fb3192db90","AlexandreDecan","2016-01-10 20:14:35","AlexandreDecan","2016-01-10 20:14:35"
"5bccd86d57b829be24851cd2c9cf9203011ba7e3","AlexandreDecan","2016-01-10 20:12:35","AlexandreDecan","2016-01-10 20:12:35"
"e022bde98140faa5efdd421ac96fc3aa1aed182d","AlexandreDecan","2016-01-10 20:05:19","AlexandreDecan","2016-01-10 20:05:19"
"547dc69c50014e8ae210933bc68ade324b44a833","AlexandreDecan","2016-01-10 19:47:35","AlexandreDecan","2016-01-10 19:47:35"
"f230a8d6c60691106884e3e8a0c95c2be9d28eb6","AlexandreDecan","2016-01-10 19:45:01","AlexandreDecan","2016-01-10 19:45:01"
"2b2bb660a1c39681574f9b294f6cb3f721b449ac","AlexandreDecan","2016-01-10 19:41:58","AlexandreDecan","2016-01-10 19:41:58"
"d0cc0e3ca3a28db37ef037df77f308aa741c44a1","AlexandreDecan","2016-01-10 19:41:45","AlexandreDecan","2016-01-10 19:41:45"
"daee12b47a356e3ebfa94a96c452547a9c5e5c6a","AlexandreDecan","2016-01-10 19:25:49","AlexandreDecan","2016-01-10 19:25:49"
"2dfaeb42b9f023c59603d077a588c3466c0ebf82","tommens","2016-01-10 15:49:10","tommens","2016-01-10 15:49:10"
"fd0459a365fdfe2e1a6930019fe39c7af8e06ca3","tommens","2016-01-10 15:35:13","tommens","2016-01-10 15:35:13"
"da8135b3ee2c6e10b627e7d454174af9cfa6e07a","tommens","2016-01-10 11:49:16","tommens","2016-01-10 11:49:16"
"2e4c0f741fd42ed8e973bb7bafc7450d2b35c733","tommens","2016-01-10 11:16:55","tommens","2016-01-10 11:16:55"
"f837774e85338f6993b46400c5e98cc8b9dfd85e","AlexandreDecan","2016-01-10 08:51:50","AlexandreDecan","2016-01-10 08:51:50"
"a56896e1e0a05e31d94755556d75e646b3a93e3f","AlexandreDecan","2016-01-10 08:49:49","AlexandreDecan","2016-01-10 08:49:49"
"4471dde2c58b9c2039b7c0c1107e9c4fde4c7f58","tommens","2016-01-09 15:54:39","tommens","2016-01-09 15:54:39"
"e756251d028ba54f196ad6aad596ffc6e5d70e16","tommens","2016-01-09 15:52:52","tommens","2016-01-09 15:52:52"
"141ea856a7bd2e73413768e3169f13738bcdf044","tommens","2016-01-09 15:48:36","tommens","2016-01-09 15:48:36"
"cacfa22dae73a4bde379ee70363c94dea686857b","tommens","2016-01-09 14:40:10","tommens","2016-01-09 14:40:10"
"ab9187ebd479a430c897cf4d54157a3110978898","tommens","2016-01-09 14:23:32","tommens","2016-01-09 14:23:32"
"d34a74d1dfd93857139523f4eb6d8a37fe086b9d","AlexandreDecan","2016-01-09 09:17:41","AlexandreDecan","2016-01-09 09:17:41"
"b42c4a695ed67814e09d5f0ab89c1e335c72ef0d","AlexandreDecan","2016-01-09 09:08:01","AlexandreDecan","2016-01-09 09:08:01"
"7d949596f79c30d9df3bc0adaf8fda9fe5f4035d","tommens","2016-01-08 16:22:44","tommens","2016-01-08 16:22:44"
"5ebe99b35900d1cbf41541f1e068305fe58cad17","AlexandreDecan","2016-01-08 16:19:04","AlexandreDecan","2016-01-08 16:19:04"
"a9a842247f3f102150edb9de50447feb704606b9","AlexandreDecan","2016-01-08 16:16:45","AlexandreDecan","2016-01-08 16:16:45"
"4e82c1b55c549741dc3f400ae072612880b35f3a","AlexandreDecan","2016-01-08 15:31:16","AlexandreDecan","2016-01-08 15:31:16"
"9a6f3771c1877eae0404b696df154a96aff4e842","AlexandreDecan","2016-01-08 13:14:43","AlexandreDecan","2016-01-08 13:14:43"
"2893dd2d29afeac6de02e793efb602d3af055cb6","AlexandreDecan","2016-01-08 10:44:57","AlexandreDecan","2016-01-08 10:44:57"
"707928884569e50e357dd854c4148dfe302848f0","AlexandreDecan","2016-01-08 09:59:42","AlexandreDecan","2016-01-08 09:59:42"
"90a0b9da1ee3a0a00e695ab98511589615decfd7","AlexandreDecan","2016-01-08 09:44:15","AlexandreDecan","2016-01-08 09:44:15"
"136b6c019ca9556ffdb57d35464d0430d4dcc219","AlexandreDecan","2016-01-08 09:41:52","AlexandreDecan","2016-01-08 09:41:52"
"c4c4d7fa863825e24a981ab14b956c7f2a1718d5","AlexandreDecan","2016-01-08 09:34:00","AlexandreDecan","2016-01-08 09:34:00"
"00111d34741df0ef5f6ba09ffb7ba2f67580ebd4","AlexandreDecan","2016-01-08 09:31:22","AlexandreDecan","2016-01-08 09:31:22"
"7bb26c86d6d4f981fadd17a751309b6b8184c3de","AlexandreDecan","2016-01-08 09:21:59","AlexandreDecan","2016-01-08 09:21:59"
"9b22145cedc67dbbca23b79e69ff100fd1de9a4e","AlexandreDecan","2016-01-08 09:15:13","AlexandreDecan","2016-01-08 09:15:13"
"95b0bd3e8e50fdaccf32951dfcdced66f6e3f321","AlexandreDecan","2016-01-07 16:08:53","AlexandreDecan","2016-01-07 16:08:53"
"cbe66570cee14180192632e01815b86d3ea8683c","AlexandreDecan","2016-01-07 15:38:51","AlexandreDecan","2016-01-07 15:38:51"
"3ea026f020381999d36e398b0bec627c5825014e","AlexandreDecan","2016-01-07 13:42:15","AlexandreDecan","2016-01-07 13:42:15"
"e4442bf769c799f14b970e5f2c1c092e41b2d193","AlexandreDecan","2016-01-07 13:41:37","AlexandreDecan","2016-01-07 13:41:37"
"43ef47cabf853a3b80d4bc830e147b55a79dccda","AlexandreDecan","2016-01-07 12:16:40","AlexandreDecan","2016-01-07 12:16:40"
"8a287657c333e6790b86bc40bf36ff8b3e0471ad","AlexandreDecan","2016-01-07 11:29:34","AlexandreDecan","2016-01-07 11:29:34"
"127d390d28576df5bcf0ccd469413e8fbcd83ed8","AlexandreDecan","2016-01-07 10:26:49","AlexandreDecan","2016-01-07 10:26:49"
"7c7ad0e6f4f6591ad7add787040a781e89519883","AlexandreDecan","2016-01-07 08:43:14","AlexandreDecan","2016-01-07 08:43:14"
"20cd02d960eab53bf0d77ae16352332e264b5e1e","AlexandreDecan","2016-01-06 18:44:40","AlexandreDecan","2016-01-06 18:44:40"
"623c6482ab8d00369a3884e72765b3904d826937","tommens","2016-01-06 17:49:17","tommens","2016-01-06 17:49:17"
"93057b26697a34ae79e74f6c80912f7b642fd60c","AlexandreDecan","2016-01-06 16:56:45","AlexandreDecan","2016-01-06 16:56:45"
"8de5824cce15f210657dc5ac3c3556121c4d571e","AlexandreDecan","2016-01-06 14:18:27","AlexandreDecan","2016-01-06 14:18:27"
"ea430805c025dad74d9f4a32369c02b224a77749","AlexandreDecan","2016-01-06 14:13:33","AlexandreDecan","2016-01-06 14:13:33"
"8635c435459774bca29b7d3f3f5c3fe139a0a575","AlexandreDecan","2016-01-06 14:05:27","AlexandreDecan","2016-01-06 14:05:27"
"6d6c8950ac6a3507a1a0c60e2b8817a7de1ed968","AlexandreDecan","2016-01-06 13:45:21","AlexandreDecan","2016-01-06 13:45:21"
"1b761af7385182ffe3eabb26be9f8bdd20b49e6b","AlexandreDecan","2016-01-06 10:57:19","AlexandreDecan","2016-01-06 10:57:19"
"bcc43f8f9260934a05d046af5a261e0645440feb","AlexandreDecan","2016-01-06 10:57:02","AlexandreDecan","2016-01-06 10:57:02"
"30678fcd463a0ab008fcda95393bd6eae8692b1b","AlexandreDecan","2016-01-06 09:47:47","AlexandreDecan","2016-01-06 09:47:47"
"f8bd9914341b5336c863f423148f8772016ca0ca","AlexandreDecan","2016-01-06 09:47:30","AlexandreDecan","2016-01-06 09:47:30"
"90c125fce3d5cfdfdf31f9facc4c8b80c7bcd1dc","AlexandreDecan","2016-01-05 17:11:28","AlexandreDecan","2016-01-05 17:11:28"
"6e3e6f13fb04511dd852b30e49789ea67406112c","AlexandreDecan","2016-01-05 17:01:30","AlexandreDecan","2016-01-05 17:01:30"
"a82701d78dc839455621e97d2f5a23b16455d4d0","AlexandreDecan","2016-01-02 13:51:11","AlexandreDecan","2016-01-02 13:51:11"
"868cf7a3da12b8df963bc1e451039171e72b94ae","AlexandreDecan","2016-01-02 13:48:29","AlexandreDecan","2016-01-02 13:48:29"
"f8f2a6a720ab1d6078172ef9844a0c6d4c874d76","AlexandreDecan","2016-01-02 13:47:44","AlexandreDecan","2016-01-02 13:47:44"
"962376db7f3dca9d914b4bb51ec44fc7ba53bbec","AlexandreDecan","2016-01-02 13:44:04","AlexandreDecan","2016-01-02 13:44:04"
"4aa5b6187c056d0fab546a7b4c0666629c339944","AlexandreDecan","2016-01-02 13:32:31","AlexandreDecan","2016-01-02 13:32:31"
"960d867212be07e0ebaa6ff954944caf31d15239","AlexandreDecan","2016-01-02 13:30:14","AlexandreDecan","2016-01-02 13:30:14"
"4e16ac265e323576947b982f761fd4f7de1e0cad","AlexandreDecan","2015-12-30 12:11:17","AlexandreDecan","2015-12-30 12:11:17"
"d18149074b2d3dadb809757471c92534057c0c4f","AlexandreDecan","2015-12-30 11:49:52","AlexandreDecan","2015-12-30 11:49:52"
"3a4975bba24bea6d6fcb4ae1feb7cf85b765e952","AlexandreDecan","2015-12-30 10:05:13","AlexandreDecan","2015-12-30 10:05:13"
"cb2dad362071fca61a6b736d65c1f421427b5c1d","AlexandreDecan","2015-12-30 10:03:40","AlexandreDecan","2015-12-30 10:03:40"
"00ae527c0882477ac591f86dae4ff03ce1283209","AlexandreDecan","2015-12-30 10:03:13","AlexandreDecan","2015-12-30 10:03:13"
"864e09b2dfd9a9e89b68cb00ed3cc4e884de2d0b","AlexandreDecan","2015-12-30 10:03:02","AlexandreDecan","2015-12-30 10:03:02"
"5bf0298a2cfc20407d2121036a754eae632af0ad","AlexandreDecan","2015-12-30 10:00:21","AlexandreDecan","2015-12-30 10:00:21"
"107c7ae2b66dded347fa0eeb4c91f60030975c6f","AlexandreDecan","2015-12-30 09:59:42","AlexandreDecan","2015-12-30 09:59:42"
"9f8701b732e034145b4492c723a4599255ed2e5d","AlexandreDecan","2015-12-30 09:58:57","AlexandreDecan","2015-12-30 09:58:57"
"9621273956bdc77b05882d39876217da9137fbe8","AlexandreDecan","2015-12-30 09:58:46","AlexandreDecan","2015-12-30 09:58:46"
"dc3ceaa70fead68e5ffe4ab138df2fe54fc0d400","AlexandreDecan","2015-12-30 09:54:08","AlexandreDecan","2015-12-30 09:54:08"
"6829c31f0850c35cbbd079c0eb06b85a9c9c8cbe","AlexandreDecan","2015-12-30 09:52:32","AlexandreDecan","2015-12-30 09:52:32"
"51564538b7d6ecea5a75041b8fe304efc448d7a9","AlexandreDecan","2015-12-30 09:52:10","AlexandreDecan","2015-12-30 09:52:10"
"e1e43e353ceaa5847d5ab2af5acdc49689be04a7","AlexandreDecan","2015-12-30 09:52:00","AlexandreDecan","2015-12-30 09:52:00"
"c92d64417e2622942071ae4bedef92e006f5dd69","AlexandreDecan","2015-12-30 09:45:16","AlexandreDecan","2015-12-30 09:45:16"
"5c876ce6b2af5b7063f19e8a567e304bcd4912fc","tommens","2015-12-29 22:54:41","tommens","2015-12-29 22:54:41"
"94124b1a2f3f50a18f40ec54be5ce5f95a6278f0","tommens","2015-12-29 17:56:07","tommens","2015-12-29 17:56:07"
"5c7146cc2a4f6232870e5b2d5f7e86c0b4c03013","tommens","2015-12-29 17:49:25","tommens","2015-12-29 17:49:25"
"e536bfe71f108861954b02d1c892caa342d94886","tommens","2015-12-29 17:25:40","tommens","2015-12-29 17:25:40"
"c22da46ca23b1aac58aed97f07f894a4ef3b4c58","tommens","2015-12-29 16:43:39","tommens","2015-12-29 16:43:39"
"264bea909e068706734c19843388bc5cda1b376f","tommens","2015-12-29 16:07:39","tommens","2015-12-29 16:07:39"
"d59501aa55b01b196f9881969631a85319b5f103","AlexandreDecan","2015-12-29 13:40:31","AlexandreDecan","2015-12-29 13:40:31"
"e73cc66da20c453c4ce7137515cf4863f2c5b9f6","AlexandreDecan","2015-12-25 10:53:03","AlexandreDecan","2015-12-25 10:53:03"
"14c93b217286fc2cbb7eb1aaa2a894b27ba3c0c9","AlexandreDecan","2015-12-25 10:40:05","AlexandreDecan","2015-12-25 10:40:05"
"42271ea80e7ba57871bbf2dd020a808cbe2388cb","AlexandreDecan","2015-12-25 10:37:19","AlexandreDecan","2015-12-25 10:37:19"
"cecdaa953bed864a6c978f756b2394211b608325","AlexandreDecan","2015-12-25 10:31:18","AlexandreDecan","2015-12-25 10:31:18"
"3bf3b160e43db138a5772f96056c20baffde69cd","AlexandreDecan","2015-12-25 09:28:58","AlexandreDecan","2015-12-25 09:28:58"
"93408f90a84ab9e80a4b5bbf20432e4a8aaf604f","AlexandreDecan","2015-12-24 20:19:16","AlexandreDecan","2015-12-24 20:19:16"
"ab32f074a3794efc2ef5b55f1af4d3f4e4615241","AlexandreDecan","2015-12-19 14:35:05","AlexandreDecan","2015-12-19 14:35:05"
"90249b380ef9b231d16af03ac0cb8d037b9466f4","AlexandreDecan","2015-12-19 14:15:27","AlexandreDecan","2015-12-19 14:15:27"
"f5c37d11b560f59ecf8932d89af53c39b783b354","AlexandreDecan","2015-12-19 14:12:10","AlexandreDecan","2015-12-19 14:12:10"
"bb91760bee3b4171e804fcfe3215b930c7aef303","AlexandreDecan","2015-12-19 14:08:37","AlexandreDecan","2015-12-19 14:08:37"
"1c97c9b80ec5505d064af7c35e355434f5ad208b","AlexandreDecan","2015-12-19 13:51:17","AlexandreDecan","2015-12-19 13:51:17"
"644821f95f0d680f65d3db42a00e51203bca79a6","AlexandreDecan","2015-12-19 12:51:12","AlexandreDecan","2015-12-19 12:51:12"
"895d18cf3255a2e3681374893ef60114391be722","AlexandreDecan","2015-12-19 12:47:51","AlexandreDecan","2015-12-19 12:47:51"
"7088019f49ecc09e9203484c7e1cb1ff70a7cbd3","AlexandreDecan","2015-12-19 10:37:01","AlexandreDecan","2015-12-19 10:37:01"
"669c297eda9c941f6fdb75160c92055c242bda89","AlexandreDecan","2015-12-19 10:01:37","AlexandreDecan","2015-12-19 10:04:40"
"1ec040e6d7c3ea4f067e57dd749a95415b6a2203","AlexandreDecan","2015-12-19 09:49:53","AlexandreDecan","2015-12-19 09:49:53"
"62101d582d2f77a6e91b2ecfe39119a5ee7f8ec1","AlexandreDecan","2015-12-19 09:42:21","AlexandreDecan","2015-12-19 09:42:21"
"1e824f2c5d231c3b59da33afa224543b3dff55ce","AlexandreDecan","2015-12-19 09:27:55","AlexandreDecan","2015-12-19 09:27:55"
"b0c5e4824caa5cb25587a3c29c0ebafd20c29af6","AlexandreDecan","2015-12-19 09:25:40","AlexandreDecan","2015-12-19 09:25:40"
"c22ebe9b8f70a60234c9f0554247f04b1d8ca07d","AlexandreDecan","2015-12-18 14:35:16","AlexandreDecan","2015-12-18 14:35:16"
"c94947357f5058f5132f1081b28c3748df349d77","AlexandreDecan","2015-12-18 14:33:23","AlexandreDecan","2015-12-18 14:33:23"
"1fe03ff483d7a893f0257558c2db0ed9de87554b","AlexandreDecan","2015-12-18 14:29:57","AlexandreDecan","2015-12-18 14:29:57"
"de1a0bc68135ed04af56b3f31e4278d188a19750","AlexandreDecan","2015-12-18 14:11:03","AlexandreDecan","2015-12-18 14:21:29"
"58f12089b61f2ccd5c56f756ca58bc9dee827beb","AlexandreDecan","2015-12-18 12:12:27","AlexandreDecan","2015-12-18 12:12:27"
"8232cc51d8da84ff1507d18be70e5764f406d84a","AlexandreDecan","2015-12-18 12:12:17","AlexandreDecan","2015-12-18 12:12:17"
"45665a80d81d649f9308628b495efe317cf0d02a","AlexandreDecan","2015-12-18 12:10:43","AlexandreDecan","2015-12-18 12:10:43"
"1d32525a784e5740acbb2e574d0a089b002bbcb7","AlexandreDecan","2015-12-18 10:11:58","AlexandreDecan","2015-12-18 10:11:58"
"d0246d5e76ed695c6d0a8f2e9c1f163bed4bbea8","AlexandreDecan","2015-12-18 10:11:30","AlexandreDecan","2015-12-18 10:11:30"
"f4911d657dc8e8915828a0ec4f9f443f6cbb9a1e","AlexandreDecan","2015-12-17 20:18:38","AlexandreDecan","2015-12-17 20:18:38"
"055ce23c5fadba6d8e4850ad3d128fbb71250a1f","AlexandreDecan","2015-12-17 20:16:41","AlexandreDecan","2015-12-17 20:16:41"
"0144aedd11396e249687ca680b1af2e1815450b8","AlexandreDecan","2015-12-17 16:04:22","AlexandreDecan","2015-12-17 16:04:22"
"faec849789518b08e2db05309e5f4f54b22d02c8","AlexandreDecan","2015-12-17 14:53:43","AlexandreDecan","2015-12-17 14:53:43"
"9b1eb88dd768a10d7ba78e7557a8387d7efd0b1e","AlexandreDecan","2015-12-17 14:39:54","AlexandreDecan","2015-12-17 14:53:35"
"b531c9c894e84094bad186b8ac5bfc4c11d58805","AlexandreDecan","2015-12-17 09:12:12","AlexandreDecan","2015-12-17 14:53:35"
"7bbc8d619b97bfc31db13eaca50add8e3001f179","AlexandreDecan","2015-12-17 14:39:54","AlexandreDecan","2015-12-17 14:39:54"
"a7fe5ffc95ec7141d26a667b46bcb0dce3652bb9","AlexandreDecan","2015-12-17 09:12:12","AlexandreDecan","2015-12-17 14:17:07"
"85826ce0859f087368e0598d87cb5d657784993d","AlexandreDecan","2015-12-17 09:12:12","AlexandreDecan","2015-12-17 10:59:37"
"25bf14ff4b41bef0a47659681ba436bb254dd9af","AlexandreDecan","2015-12-17 09:05:46","AlexandreDecan","2015-12-17 09:05:46"
"803492ae697de85eda277736ab620d7595c41d6f","AlexandreDecan","2015-12-17 08:46:23","AlexandreDecan","2015-12-17 09:00:36"
"10bb6957a1319f9b5a25960a65e3c4cf90944af1","AlexandreDecan","2015-12-17 08:12:55","AlexandreDecan","2015-12-17 08:12:55"
"277cbfd5796128fc6994375cbaed0b7641652cdc","AlexandreDecan","2015-12-16 20:16:32","AlexandreDecan","2015-12-16 20:16:32"
"90b96bbb232f099407829973110b6ef6a2c0e2a6","AlexandreDecan","2015-12-16 20:16:14","AlexandreDecan","2015-12-16 20:16:14"
"dbf56a6a1adef72d242779dde2baef573e0a1572","AlexandreDecan","2015-12-16 19:26:13","AlexandreDecan","2015-12-16 19:39:43"
"272000accf3ed3f6fa4bbe73be6c0440934deea5","AlexandreDecan","2015-12-16 14:44:08","AlexandreDecan","2015-12-16 14:44:08"
"96e88d23c4c2163316839799db6d2864c94fb863","AlexandreDecan","2015-12-16 13:53:22","AlexandreDecan","2015-12-16 13:54:03"
"782255c860a7071bef37e7e71010ca6c7ad08498","AlexandreDecan","2015-12-16 13:22:17","AlexandreDecan","2015-12-16 13:33:00"
"70fd6a9b02fd4a6ca94c549500e4a123ae6c544c","AlexandreDecan","2015-12-16 11:21:55","AlexandreDecan","2015-12-16 11:21:55"
"49b6bbce07c1026656a170df80593aa68be7b504","AlexandreDecan","2015-12-16 10:59:39","AlexandreDecan","2015-12-16 10:59:39"
"d6342cf16bbe048fa5ecb28a161ce6e3ef738014","AlexandreDecan","2015-12-16 10:57:45","AlexandreDecan","2015-12-16 10:57:45"
"26662e83925f72565a1902302f5c53d5d9b8a95e","AlexandreDecan","2015-12-15 14:43:07","AlexandreDecan","2015-12-15 14:43:07"
"139e1526c36de96b760635b695bb3dd304555355","AlexandreDecan","2015-12-15 13:45:30","AlexandreDecan","2015-12-15 13:45:30"
"98c0101a5a3639234c04f22c8979f9c111d58ea3","AlexandreDecan","2015-12-15 13:01:46","AlexandreDecan","2015-12-15 13:38:00"
"aa030069639f1e23173c096682ae20ea7a1b7a11","AlexandreDecan","2015-12-15 12:12:12","AlexandreDecan","2015-12-15 12:12:12"
"f3c58f3bf4f1cc60b54cb28a48d0359ec2748228","AlexandreDecan","2015-12-15 11:31:49","AlexandreDecan","2015-12-15 11:31:49"
"9bdf404f2b70279b8ffbcafef7fa6d6021c7f61c","AlexandreDecan","2015-12-15 11:12:29","AlexandreDecan","2015-12-15 11:12:29"
"01eecb21c4080936760c4c5551aca4b9087357a9","AlexandreDecan","2015-12-15 10:43:53","AlexandreDecan","2015-12-15 10:43:53"
"f21b53ff062d5a0901cebfb805c063f10b816145","AlexandreDecan","2015-12-15 10:27:21","AlexandreDecan","2015-12-15 10:27:21"
"64d3f092827a3fe26b7910920b3008a7d1aa5560","AlexandreDecan","2015-12-15 09:13:18","AlexandreDecan","2015-12-15 09:13:18"
"f2c98908ec39f603932ded422f58907018c6e096","AlexandreDecan","2015-12-14 20:24:54","AlexandreDecan","2015-12-14 20:24:54"
"5eec5889f966458acf47731d0a0f3e0a2453dc1a","AlexandreDecan","2015-12-14 19:55:32","AlexandreDecan","2015-12-14 20:00:48"
"337071863b089a730607b10f8ede6d0c0aca8143","AlexandreDecan","2015-12-14 19:32:07","AlexandreDecan","2015-12-14 19:32:07"
"4f667b2bb87a506aaa88d3f8a18cfe7ee83ed6bf","AlexandreDecan","2015-12-14 19:31:49","AlexandreDecan","2015-12-14 19:31:49"
"b118571c76368ddc73ab8a65e0889517f3d4c588","AlexandreDecan","2015-12-14 14:56:15","AlexandreDecan","2015-12-14 14:56:15"
"82a0b6c96570653c40e36dbc32f1301208eaf5d4","AlexandreDecan","2015-12-14 14:18:48","AlexandreDecan","2015-12-14 14:18:48"
"2fb7265a3c4852bbbb489a0cd821535e79f46d34","AlexandreDecan","2015-12-14 14:00:57","AlexandreDecan","2015-12-14 14:00:57"
"55757327122365c9e8fe521342507cd12044e080","AlexandreDecan","2015-12-14 13:00:47","AlexandreDecan","2015-12-14 13:01:07"
"65f636b1dd88b7ec21bd72cc1db89c3487797f1a","AlexandreDecan","2015-12-14 12:48:43","AlexandreDecan","2015-12-14 12:49:20"
"8a2f58bcf5c0481ae1476bb056f83cd1e9c5cca5","AlexandreDecan","2015-12-14 12:44:45","AlexandreDecan","2015-12-14 12:44:45"
"f3211f6639966342eaf9a5352bb9b4a77bae716e","AlexandreDecan","2015-12-14 12:44:32","AlexandreDecan","2015-12-14 12:44:32"
"897cb74db1617b83b459f8e6712912fd2a2c04e2","AlexandreDecan","2015-12-14 12:44:07","AlexandreDecan","2015-12-14 12:44:07"
"418cb6b8e20652f419c2f2561e6938a62fc36afe","AlexandreDecan","2015-12-14 11:13:44","AlexandreDecan","2015-12-14 11:13:44"
"3db3db46d78ed5bf3f57299963f87d9b3a98002a","AlexandreDecan","2015-12-14 09:13:01","AlexandreDecan","2015-12-14 09:13:01"
"47199792c42f362237d10dfb8e16c0769bcf71b7","AlexandreDecan","2015-12-13 20:42:53","AlexandreDecan","2015-12-14 08:26:58"
"1b9c12bd603c3776b3dd6258d26f5d94d0d89a40","AlexandreDecan","2015-12-13 19:57:58","AlexandreDecan","2015-12-13 19:57:58"
"e03b09032d4e42172aa5ace10ac835f99b1b56aa","AlexandreDecan","2015-12-13 19:31:32","AlexandreDecan","2015-12-13 19:31:32"
"f7bd28a79d8a3507997394e5aa694b904843db09","AlexandreDecan","2015-12-13 14:54:50","AlexandreDecan","2015-12-13 14:55:38"
"81a4d226b3280ad1086c90e8c82ed951bdb65352","AlexandreDecan","2015-12-13 14:35:01","AlexandreDecan","2015-12-13 14:35:01"
"335e04646ed5d266f6fbe3de94b5490766fd0439","AlexandreDecan","2015-12-13 14:02:49","AlexandreDecan","2015-12-13 14:02:49"
"f3e7f0e3ef3b40f555f6502ef68077236ab0e01d","AlexandreDecan","2015-12-13 13:53:06","AlexandreDecan","2015-12-13 13:53:06"
"82f71385376d5f1c1959a7bb7b0713af55cca1f6","AlexandreDecan","2015-12-13 13:51:00","AlexandreDecan","2015-12-13 13:51:00"
"c50c7359a347516a567e404c8e09ae5c245fc847","AlexandreDecan","2015-12-13 13:50:10","AlexandreDecan","2015-12-13 13:50:10"
"2ee510bc55c48774c098b2ce3ba111e1d23997e2","AlexandreDecan","2015-12-13 13:26:30","AlexandreDecan","2015-12-13 13:26:30"
"f1405bed71b8582e0c555898ee29f1e15571dd28","AlexandreDecan","2015-12-13 09:48:41","AlexandreDecan","2015-12-13 09:48:41"
"ec22618f76743367702bf408b8ee75f2b73bbffb","AlexandreDecan","2015-12-13 09:47:35","AlexandreDecan","2015-12-13 09:47:35"
"1dfdf66a9e86ec0548e0abe596fa1fdfd9200119","tommens","2015-12-12 16:44:48","tommens","2015-12-12 16:44:48"
"687181fa69690cc2dffd718e371d88ea8dad4c13","AlexandreDecan","2015-12-12 14:32:01","AlexandreDecan","2015-12-12 14:32:01"
"13d11a1767777bf5e18054bbbf2ebac6814ae6b4","AlexandreDecan","2015-12-12 14:23:50","AlexandreDecan","2015-12-12 14:23:50"
"f6f7bb1f9d571d10a180d3641e920db0430d1096","AlexandreDecan","2015-12-12 14:18:53","AlexandreDecan","2015-12-12 14:18:53"
"cbb267596e443e0ce52a65db718b1fd970315d23","AlexandreDecan","2015-12-12 14:02:02","AlexandreDecan","2015-12-12 14:07:21"
"937b1bb88e0d3be3e0033b4ff5eac8f5c7606724","AlexandreDecan","2015-12-12 13:57:12","AlexandreDecan","2015-12-12 13:58:32"
"a82c2c68b56e7f28636bbbb7eb7ebffdbd520547","AlexandreDecan","2015-12-12 13:56:48","AlexandreDecan","2015-12-12 13:56:48"
"a2eddd14c05b60d509186277b137104501104df7","AlexandreDecan","2015-12-12 13:32:24","AlexandreDecan","2015-12-12 13:32:24"
"52a890da22d671756358427234614be449539101","AlexandreDecan","2015-12-12 12:17:44","AlexandreDecan","2015-12-12 12:17:44"
"72e01903e043c1a7841d1c82bc66dc909d789149","AlexandreDecan","2015-12-12 12:15:57","AlexandreDecan","2015-12-12 12:15:57"
"9d2b92a701414e9945052e715abf2413826d8efd","AlexandreDecan","2015-12-11 21:28:06","AlexandreDecan","2015-12-11 21:28:06"
"35ad2071e158c46496baf48c9170bab24762fa53","AlexandreDecan","2015-12-11 21:14:33","AlexandreDecan","2015-12-11 21:14:33"
"fc445ca7daf51f3f557c18e8f676244147131d67","AlexandreDecan","2015-12-11 21:12:55","AlexandreDecan","2015-12-11 21:12:55"
"3e6540cf94ded13a7cecafae977222a9c066c6f4","AlexandreDecan","2015-12-11 21:08:14","AlexandreDecan","2015-12-11 21:08:14"
"a357d6587fea0a694c1894cfc5d4f386a47be0c3","AlexandreDecan","2015-12-11 20:52:02","AlexandreDecan","2015-12-11 20:52:02"
"f10939345c75bd16e29fcc0deb3d1c32e4183faf","AlexandreDecan","2015-12-11 20:25:25","AlexandreDecan","2015-12-11 20:40:37"
"a50503f706e2d1ba09246cbed839f04e89c4ab6a","AlexandreDecan","2015-12-11 20:16:20","AlexandreDecan","2015-12-11 20:25:16"
"a7da8977ce754475ac0a6b887050c8cf11bbf700","AlexandreDecan","2015-12-11 19:10:04","AlexandreDecan","2015-12-11 19:10:04"
"0df3939bd5bc18126656fac55ae8fc39bfbaaafa","AlexandreDecan","2015-12-11 19:08:49","AlexandreDecan","2015-12-11 19:08:49"
"e2e1e3787aa842803afe508ec51ca4b780156946","AlexandreDecan","2015-12-11 19:08:11","AlexandreDecan","2015-12-11 19:08:11"
"138e4872cde6da71d8905ac2b1b6ecd0791920f2","AlexandreDecan","2015-12-11 19:07:54","AlexandreDecan","2015-12-11 19:07:54"
"4a309f722ca1f874c9f969ca7a10e0f315d64fc5","AlexandreDecan","2015-12-11 19:07:23","AlexandreDecan","2015-12-11 19:07:23"
"47f99ef267dfc57a2160be2e863d60250fb4396f","AlexandreDecan","2015-12-11 13:58:38","AlexandreDecan","2015-12-11 13:58:38"
"51526d4bd0b28662d7402b59ffa146bbff4c3110","AlexandreDecan","2015-12-11 13:58:04","AlexandreDecan","2015-12-11 13:58:04"
"89120180b12aa3dbfde4c9de31e2a46c49002a5a","AlexandreDecan","2015-12-10 14:31:36","AlexandreDecan","2015-12-10 14:31:36"
"459d585c297f949fcddbe8f0eff3635cf57e79d3","AlexandreDecan","2015-12-10 14:30:07","AlexandreDecan","2015-12-10 14:30:07"
"ce3651474df707868a2ccd052a5745919ab7818e","AlexandreDecan","2015-12-10 14:29:58","AlexandreDecan","2015-12-10 14:29:58"
"079688c6991d20ea4642cb0b880c0d4d28769c3f","AlexandreDecan","2015-12-10 12:57:26","AlexandreDecan","2015-12-10 12:58:39"
"020cdff75a2e321aa53ed0cd86fd5d67a4b3328c","AlexandreDecan","2015-12-10 12:56:26","AlexandreDecan","2015-12-10 12:56:26"
"3cf0e36a9e5635da3e8f0aa81e5ead395b5d5fa4","AlexandreDecan","2015-12-10 11:47:40","AlexandreDecan","2015-12-10 11:47:40"
"50f8be77f1812cca77045a9024a227164dfe2ef0","AlexandreDecan","2015-12-10 11:47:29","AlexandreDecan","2015-12-10 11:47:29"
"aaa5d2c78d42d2d273ef915c1c5e03000a5670e0","AlexandreDecan","2015-12-10 10:53:01","AlexandreDecan","2015-12-10 10:53:01"
"97589a33edd3943ccae6f2b0aa43e3735737d54d","AlexandreDecan","2015-12-10 10:40:15","AlexandreDecan","2015-12-10 10:40:15"
"d9a8d46996232058ac0c41bebf8775f95798468b","AlexandreDecan","2015-12-10 10:00:02","AlexandreDecan","2015-12-10 10:00:02"
"fb33ec43398be6378c66d95190e7e7068862bbec","AlexandreDecan","2015-12-10 09:57:39","AlexandreDecan","2015-12-10 09:57:39"
"693f3672848d8f321f96807a30ab5ea326122bd3","AlexandreDecan","2015-12-10 09:54:25","AlexandreDecan","2015-12-10 09:54:25"
"fb6ac475da01436520356117bf9fe38539e583d2","AlexandreDecan","2015-12-10 09:50:52","AlexandreDecan","2015-12-10 09:50:52"
"c21fb0970d736eddb07ca4c50f6ed93e32da0025","AlexandreDecan","2015-12-10 09:50:30","AlexandreDecan","2015-12-10 09:50:30"
"5a85bd24251734a2960255391188e790cf806536","AlexandreDecan","2015-12-10 09:38:50","AlexandreDecan","2015-12-10 09:38:50"
"6ecccf29941e933b8a49d8c8eb14aac54bef9b41","AlexandreDecan","2015-12-10 09:29:17","AlexandreDecan","2015-12-10 09:29:17"
"ff3b775cfbf1821a296088c9c091f2437f3b7b5f","AlexandreDecan","2015-12-10 09:26:25","AlexandreDecan","2015-12-10 09:26:25"
"1a65a98bf05f49c82d51df47cee5391121a45ea6","AlexandreDecan","2015-12-10 09:15:47","AlexandreDecan","2015-12-10 09:15:47"
"61c774f5043672c7f99ce9420a91cb5d5c157918","AlexandreDecan","2015-12-10 09:02:49","AlexandreDecan","2015-12-10 09:02:49"
"0d56be36c9e705e545d982a57c2d65f5bf26e0ce","AlexandreDecan","2015-12-09 16:32:59","AlexandreDecan","2015-12-09 16:32:59"
"7ba585844721624bfaf7ba45ae169973f77b3aa3","AlexandreDecan","2015-12-09 16:30:30","AlexandreDecan","2015-12-09 16:30:30"
"547fbeef712aa6b7926846bc828f2396bd08d1a2","AlexandreDecan","2015-12-09 16:28:54","AlexandreDecan","2015-12-09 16:28:54"
"6da901efac57904ccd84aca89be111fe6a86d48e","AlexandreDecan","2015-12-09 16:26:30","AlexandreDecan","2015-12-09 16:26:30"
"a911f151e5f3ce3809505706d4bbbce134df652e","AlexandreDecan","2015-12-09 16:06:12","AlexandreDecan","2015-12-09 16:06:12"
"92177fb553f6d09977fda8f2bff0c7520c9b5932","AlexandreDecan","2015-12-09 15:59:33","AlexandreDecan","2015-12-09 15:59:33"
"0cec5eeffd2e76f36cdd5dcc6b8f94a4ee4f99ba","AlexandreDecan","2015-12-09 15:45:59","AlexandreDecan","2015-12-09 15:45:59"
"47fb9ff4d29c1724d11c99f0679efff21a289b0f","AlexandreDecan","2015-12-09 15:28:07","AlexandreDecan","2015-12-09 15:28:07"
"930b822d5b4be4a0c290a0124f60e14d383a3929","AlexandreDecan","2015-12-09 15:25:17","AlexandreDecan","2015-12-09 15:25:17"
"b7fd50538d1213830d3e8ffaa374791aaca65026","AlexandreDecan","2015-12-09 10:10:40","AlexandreDecan","2015-12-09 10:10:40"
"10aa962a0516cd6bc3eafec63c77cbac4664c37a","AlexandreDecan","2015-12-09 09:44:13","AlexandreDecan","2015-12-09 09:44:13"
"c653eedf4ad790f2fe94941a21317b2ac905fc1f","AlexandreDecan","2015-12-09 08:51:36","AlexandreDecan","2015-12-09 08:51:36"
"d775768c9e8c46978800be566709fff149c73977","AlexandreDecan","2015-12-09 08:25:41","AlexandreDecan","2015-12-09 08:25:41"
"648cdaca92952b079a908f7eaa599b487d89a651","AlexandreDecan","2015-12-09 08:14:07","AlexandreDecan","2015-12-09 08:14:07"
"9e09892f6af6281093e5436b0f11620dcbcf4ed8","AlexandreDecan","2015-12-08 13:10:03","AlexandreDecan","2015-12-08 13:10:03"
"084307fa857beba298b9f71730d0b9a05ba0bc69","AlexandreDecan","2015-12-08 13:06:53","AlexandreDecan","2015-12-08 13:06:53"
"34830dd819809643517848175d07b1317800f078","AlexandreDecan","2015-12-08 10:13:58","AlexandreDecan","2015-12-08 10:13:58"
"aa3e0d33d5322dee84069ded33ec31d454b979eb","AlexandreDecan","2015-12-08 08:59:20","AlexandreDecan","2015-12-08 08:59:20"
"362aeceab64bba32f7d33d4e647488a14c3d5e11","AlexandreDecan","2015-12-07 19:27:09","AlexandreDecan","2015-12-07 19:27:09"
"f2b560bb945d4dfebb33b6bccaf63de53766c718","AlexandreDecan","2015-12-07 19:22:37","AlexandreDecan","2015-12-07 19:22:37"
"93ec39adce742573cad3a75e6bae2e492ed03acd","AlexandreDecan","2015-12-07 19:21:03","AlexandreDecan","2015-12-07 19:21:03"
"dd517ef507c6f1ac4168e348c28a740b0e3a3a41","AlexandreDecan","2015-12-07 19:05:11","AlexandreDecan","2015-12-07 19:05:11"
"495a44a1169482291f823255afdd1b11df21d481","AlexandreDecan","2015-12-07 13:53:09","AlexandreDecan","2015-12-07 13:53:09"
"8528f977829f49071be2222de69d29abb6aae46d","AlexandreDecan","2015-12-07 13:49:39","AlexandreDecan","2015-12-07 13:49:39"
"dfaba6254b1cf8f8a0a4b7bfda049571aec11c73","AlexandreDecan","2015-12-07 13:44:49","AlexandreDecan","2015-12-07 13:44:49"
"cf120dcc0748104e972a91b92ae2653253f216cf","AlexandreDecan","2015-12-07 13:40:57","AlexandreDecan","2015-12-07 13:40:57"
"828d983bf35a58f566c272dbc7bc99b23d8fe2b4","AlexandreDecan","2015-12-07 13:35:33","AlexandreDecan","2015-12-07 13:35:33"
"0be279594fd4e36659b166800eff8e22dc682434","AlexandreDecan","2015-12-07 10:10:33","AlexandreDecan","2015-12-07 10:10:33"
"0cec98612c090210a571be5f0961b5ad47548b24","AlexandreDecan","2015-12-07 09:27:41","AlexandreDecan","2015-12-07 09:27:41"
"2d50c7c6c93845dbf9c3776c5a9975bc77c430ae","AlexandreDecan","2015-12-07 09:05:08","AlexandreDecan","2015-12-07 09:05:08"
"5f22dc7fa837a50e6db3f14ffcd4487b811a3181","AlexandreDecan","2015-12-07 08:33:56","AlexandreDecan","2015-12-07 08:33:56"
"3ebd38b94231bf6b95627d599f0f6bd2a71e79ae","AlexandreDecan","2015-12-07 08:30:24","AlexandreDecan","2015-12-07 08:30:24"
"0a2ec895eb31baec39d2710b354ff014cf3638c4","AlexandreDecan","2015-12-07 08:12:08","AlexandreDecan","2015-12-07 08:12:08"
"3d0756ebd10af9629a71251f9c080d70ae22b3e4","AlexandreDecan","2015-12-06 14:28:07","AlexandreDecan","2015-12-06 14:28:07"
"86a7a12801a5bb1d7a4f0afd3722c9919f24a3e1","AlexandreDecan","2015-12-06 14:26:28","AlexandreDecan","2015-12-06 14:26:28"
"214c6131920199b96100094f1cb3db1b72be46e5","AlexandreDecan","2015-12-06 14:24:48","AlexandreDecan","2015-12-06 14:24:48"
"059fa7e39589b015909f5b9566c2e6cc6eaf1419","AlexandreDecan","2015-12-06 14:22:32","AlexandreDecan","2015-12-06 14:22:32"
"669b40ab2ffb7fd739ec279a6ce88f552d51202f","AlexandreDecan","2015-12-06 14:20:50","AlexandreDecan","2015-12-06 14:20:50"
"9e7327791a5d1a27d84412b7fa27c87d912d4c4d","AlexandreDecan","2015-12-06 14:14:08","AlexandreDecan","2015-12-06 14:14:08"
"24c76036938ed94a205ccd2ad00ec471054bb5d9","AlexandreDecan","2015-12-06 14:06:57","AlexandreDecan","2015-12-06 14:06:57"
"d219d670d93059f84db8b47d8588c402bca1827a","AlexandreDecan","2015-12-06 14:01:10","AlexandreDecan","2015-12-06 14:01:10"
"6fbc19751a5828fb44ce5d2c7f7b9ca3360a03d5","AlexandreDecan","2015-12-05 13:50:12","AlexandreDecan","2015-12-05 13:50:12"
"e6582dacd710c99588eab80f98920a71b375c492","AlexandreDecan","2015-12-05 13:47:23","AlexandreDecan","2015-12-05 13:47:23"
"accdb3e8d257959594b4942e197650957dc06345","AlexandreDecan","2015-12-05 13:36:00","AlexandreDecan","2015-12-05 13:36:00"
"5384c71536ab7c27b0e8212db17142f4c6239ceb","AlexandreDecan","2015-12-05 13:18:01","AlexandreDecan","2015-12-05 13:18:01"
"e42d1fac8c893de8f49d603aee4a34daeb04c6b0","AlexandreDecan","2015-12-05 12:38:46","AlexandreDecan","2015-12-05 12:38:46"
"419316bec3a9acf3c92d442b1eb36d4b5f499536","AlexandreDecan","2015-12-05 10:50:41","AlexandreDecan","2015-12-05 10:50:41"
"e669e54eb7689fdc9261ae594ce7fe42db44b620","AlexandreDecan","2015-12-05 10:48:32","AlexandreDecan","2015-12-05 10:48:32"
"c2221d8ae033b25b9391e3bcfc2a889aff19fc63","AlexandreDecan","2015-12-05 10:43:12","AlexandreDecan","2015-12-05 10:43:12"
"83b381d7dfc9ed950129f55ba8b2770fea787998","AlexandreDecan","2015-12-05 10:25:46","AlexandreDecan","2015-12-05 10:25:46"
"f695052d24b1c60e92a373398b2545176d1c6aec","AlexandreDecan","2015-12-05 10:21:05","AlexandreDecan","2015-12-05 10:21:05"
"a168fb301eec80d4577c62713a8f3e2292fb1786","AlexandreDecan","2015-12-05 10:13:39","AlexandreDecan","2015-12-05 10:13:39"
"a95f13ee77d1f9c40a30711e1e14bc39e678f572","AlexandreDecan","2015-12-05 09:58:49","AlexandreDecan","2015-12-05 09:58:49"
"8e8639c85b3d1d50c30279a7d6dc053ef117dd74","AlexandreDecan","2015-12-04 20:42:01","AlexandreDecan","2015-12-04 20:42:01"
"7f3ad1caa3fdad89a11ec3d96e015ad0ebcde484","AlexandreDecan","2015-12-04 19:37:48","AlexandreDecan","2015-12-04 19:37:48"
"d781ecc03b4d33d08545c2117cd3c5b7b6d6be9c","AlexandreDecan","2015-12-04 15:33:45","AlexandreDecan","2015-12-04 15:33:45"
"e5348d229662cecf39a442daae43877c795de133","AlexandreDecan","2015-12-04 15:30:46","AlexandreDecan","2015-12-04 15:30:46"
"a0017365c69ceaa0d6f4d378e961fd313054e5d9","AlexandreDecan","2015-12-04 15:01:14","AlexandreDecan","2015-12-04 15:01:14"
"b3dad9064f341df2f1c1cbbb5eac5e074ffd7b05","AlexandreDecan","2015-12-04 14:34:22","AlexandreDecan","2015-12-04 14:34:22"
"5d1c1d644e728acb400cfddf43f6fbbb3dbf4d8a","AlexandreDecan","2015-12-04 14:31:38","AlexandreDecan","2015-12-04 14:31:38"
"8654a91318eed9d5077dd6c3d7b656df8ff9dfad","AlexandreDecan","2015-12-04 14:29:58","AlexandreDecan","2015-12-04 14:29:58"
"de15fad6a8fac56775164611e53c5741f455a15f","AlexandreDecan","2015-12-04 14:23:51","AlexandreDecan","2015-12-04 14:23:51"
"dbee54809f31449eb1143c06e5432d67c6b6d6f4","AlexandreDecan","2015-12-04 14:12:06","AlexandreDecan","2015-12-04 14:12:22"
"e5ff65884f2830e2944f0665a4e6438a56488f72","AlexandreDecan","2015-12-04 11:29:06","AlexandreDecan","2015-12-04 11:29:06"
"7b53f9ac3f1385ff2328ad55241b572c6b02bca5","AlexandreDecan","2015-12-04 11:22:09","AlexandreDecan","2015-12-04 11:22:09"
"a4062e904b0398d5671a2cecd09d72d29670b83a","AlexandreDecan","2015-12-04 10:59:16","AlexandreDecan","2015-12-04 10:59:16"
"b7aa6688a4f0b6917e25b8d48fc9fde32be368a6","AlexandreDecan","2015-12-04 10:43:08","AlexandreDecan","2015-12-04 10:50:15"
"d3f8877b0828c6b423e7b5829f765ce293e82dee","AlexandreDecan","2015-12-04 09:04:40","AlexandreDecan","2015-12-04 09:04:40"
"f8815d918ddcddea7c89b50afe3d229be753662e","AlexandreDecan","2015-12-04 09:03:23","AlexandreDecan","2015-12-04 09:03:23"
"a634be2c42c002a9e6df67a25cb527a00c084ad8","AlexandreDecan","2015-12-04 09:01:34","AlexandreDecan","2015-12-04 09:01:34"
"e0f4e2655895c9f55a8e112f260810b7a3689115","AlexandreDecan","2015-12-04 08:55:20","AlexandreDecan","2015-12-04 08:55:20"
"16dc7c645b5e8d9a2d25cdbdfdd4a6153ba00f2a","AlexandreDecan","2015-12-04 08:51:25","AlexandreDecan","2015-12-04 08:51:25"
"b48d3aca0c912edbf76d09ad3f68831f4eab6b5b","AlexandreDecan","2015-12-03 16:22:27","AlexandreDecan","2015-12-03 16:22:27"
"383c606dd7d571c4d42368a1cddd6cca3f14b4e2","AlexandreDecan","2015-12-03 16:12:22","AlexandreDecan","2015-12-03 16:12:22"
"fa654262bea256b3eff84cea86fc1c5111287b95","AlexandreDecan","2015-12-03 14:46:43","AlexandreDecan","2015-12-03 15:19:01"
"98d1d9b914162705f69dd8ab18bc3ec94d289d21","AlexandreDecan","2015-12-03 14:14:57","AlexandreDecan","2015-12-03 14:14:57"
"ec989e957a05b73f50d85f0acdbaf27441e8bfdf","AlexandreDecan","2015-12-03 09:03:40","AlexandreDecan","2015-12-03 09:03:40"
"3cf8b0ae2c916d1e258f9ce964ad6186986907bd","AlexandreDecan","2015-12-03 08:04:50","AlexandreDecan","2015-12-03 08:04:50"
"4f2026c910be6da75f90bbc93575bfa71d3ee39c","AlexandreDecan","2015-12-02 20:27:57","AlexandreDecan","2015-12-02 20:27:57"
"7bb8c6f1a3e03bb83f7124ede4ba308156466326","AlexandreDecan","2015-12-02 16:44:53","AlexandreDecan","2015-12-02 16:44:53"
"95840dbd387bc6e6a3727ab7eeeaa74d117d5f54","AlexandreDecan","2015-12-02 16:01:57","AlexandreDecan","2015-12-02 16:01:57"
"46efbf09235789c7ccda4f45e72779e0a143fd92","AlexandreDecan","2015-12-02 14:57:48","AlexandreDecan","2015-12-02 14:57:48"
"9075954e114a4d543cc78f5503eaffad3abfa196","AlexandreDecan","2015-12-02 14:25:17","AlexandreDecan","2015-12-02 14:25:17"
"8197d43fda62f66a960c92d308b89c67e12b38a7","AlexandreDecan","2015-12-02 13:09:57","AlexandreDecan","2015-12-02 13:33:22"
"79af77e1a3ec9064914f6d9b70648eb2d12b0d9d","AlexandreDecan","2015-12-02 13:03:53","AlexandreDecan","2015-12-02 13:03:53"
"e4ea7b7f3ac3c88d0960b0ce78a02c4c7894e8a0","AlexandreDecan","2015-12-02 12:41:41","AlexandreDecan","2015-12-02 12:41:41"
"13efc694c054fdfe088ac870b328be3bf5eb0d66","AlexandreDecan","2015-12-02 12:01:01","AlexandreDecan","2015-12-02 12:01:01"
"8e4331004eeaa4a34822080d1afd7d2a1100c5c7","AlexandreDecan","2015-12-02 11:41:48","AlexandreDecan","2015-12-02 11:41:48"
"e2459c2757570f9eaa05c5fc73126f779cf68936","AlexandreDecan","2015-12-02 11:32:50","AlexandreDecan","2015-12-02 11:32:50"
"15fb197819c620eebf33355ad0c6d1aa2daf5606","AlexandreDecan","2015-12-02 11:32:38","AlexandreDecan","2015-12-02 11:32:38"
"8d6c90cae3857d198329a01538c9c449f1010757","AlexandreDecan","2015-12-02 11:32:26","AlexandreDecan","2015-12-02 11:32:26"
"6b6576f2c3928cb5ee2ac45776b50ed0fb03244d","AlexandreDecan","2015-12-02 11:31:55","AlexandreDecan","2015-12-02 11:31:55"
"16a3f1d7eb2a39192b8826ff7493d36b54ed1878","AlexandreDecan","2015-12-02 09:51:40","AlexandreDecan","2015-12-02 09:51:40"
"eb54c459d317137d059d67661767847b4d2920a9","AlexandreDecan","2015-12-02 09:27:14","AlexandreDecan","2015-12-02 09:27:14"
"4162a8cdbd1788e08517d6bf3db4d2f5becf81bd","AlexandreDecan","2015-12-02 09:19:34","AlexandreDecan","2015-12-02 09:19:34"
"2ad030cb0a00d1d304ceb8408b71987ac23cfed3","AlexandreDecan","2015-12-02 09:15:31","AlexandreDecan","2015-12-02 09:15:31"
"d4dc9e8866fcb3c38488d4f090b15104e50866a2","AlexandreDecan","2015-12-02 08:38:12","AlexandreDecan","2015-12-02 08:38:12"
"772769c93fa33413e84c6c6fde05136a27950ea8","AlexandreDecan","2015-12-02 08:17:48","AlexandreDecan","2015-12-02 08:17:48"
"046cb035ea2597676f11d36dd4860252aa61145f","AlexandreDecan","2015-12-02 08:10:54","AlexandreDecan","2015-12-02 08:10:54"
"fbce68139beddbc85b12b635466093fc6a323d2b","AlexandreDecan","2015-12-02 08:08:44","AlexandreDecan","2015-12-02 08:08:44"
"d3d359ca41968029359d2892778e25bd6c491b90","AlexandreDecan","2015-12-02 08:03:56","AlexandreDecan","2015-12-02 08:03:56"
"e269b8a9281d5a0e7f636865d13f0c62cc63e64b","AlexandreDecan","2015-12-02 07:57:18","AlexandreDecan","2015-12-02 07:57:18"
"c429417db7d5dbc6e95b0e86010a28a1d649ebd8","AlexandreDecan","2015-12-01 19:39:30","AlexandreDecan","2015-12-01 19:39:30"
"d860760c46fc7f592ee871deefe4f85456a3f0ab","AlexandreDecan","2015-12-01 19:35:58","AlexandreDecan","2015-12-01 19:35:58"
"71c93a3558ff481064af75478cd13b32ebb57e78","AlexandreDecan","2015-12-01 15:37:28","AlexandreDecan","2015-12-01 15:37:28"
"46a204e8c9ad38455b594a0d2b795ce768dbf4bf","AlexandreDecan","2015-12-01 14:25:19","AlexandreDecan","2015-12-01 14:25:19"
"5276ae3ecb4c6b4a1c4cbe20df2732a1d66b8607","AlexandreDecan","2015-12-01 12:39:50","AlexandreDecan","2015-12-01 12:39:50"
"9a2d27ff3cd1f11c37c32274ab92cd141d3cd8db","AlexandreDecan","2015-12-01 10:13:07","AlexandreDecan","2015-12-01 10:13:07"
"ef8c318cd14b23e388968008a5367d606053b444","AlexandreDecan","2015-12-01 09:30:46","AlexandreDecan","2015-12-01 09:30:46"
"8d773a99e32be4214141b7d652c288dfec63159c","AlexandreDecan","2015-12-01 08:21:56","AlexandreDecan","2015-12-01 08:21:56"
"7af521ed4b71791c460d95f9c87717c0d7e7ac03","AlexandreDecan","2015-12-01 07:23:53","AlexandreDecan","2015-12-01 07:23:53"
"eca28d1e08beb14bf747e1ad8f3cf0b3a388cd6d","AlexandreDecan","2015-12-01 07:21:51","AlexandreDecan","2015-12-01 07:21:51"
"389957f6a5a69d16caa286116688583e835e1b95","AlexandreDecan","2015-11-30 20:04:12","AlexandreDecan","2015-11-30 20:04:12"
"28369f438bc08392bb5eb3b61070e8181fde6d89","AlexandreDecan","2015-11-30 19:59:18","AlexandreDecan","2015-11-30 19:59:18"
"a797fa48d28aab276f3cdc10c1326bb6e3d0470b","AlexandreDecan","2015-11-30 19:40:59","AlexandreDecan","2015-11-30 19:40:59"
"42aa40b14295c093b4d8c2911be161e52a3082a9","AlexandreDecan","2015-11-30 19:26:56","AlexandreDecan","2015-11-30 19:26:56"
"3cf08efa5b49eeaa2a6ed3ff0c409f46c3e198bd","AlexandreDecan","2015-11-30 19:24:05","AlexandreDecan","2015-11-30 19:24:05"
"2f71a7a302bfc4473321abc9ed762c2bf562f73d","AlexandreDecan","2015-11-30 18:59:08","AlexandreDecan","2015-11-30 18:59:08"
"c8e5d61ba699494cf51b65cb8eb61523353b4919","AlexandreDecan","2015-11-30 18:58:49","AlexandreDecan","2015-11-30 18:58:49"
"87dd8c1402c7bd420eb4ba59d418f60bdeecc390","AlexandreDecan","2015-11-30 18:39:50","AlexandreDecan","2015-11-30 18:39:50"
"ed7027c52f8758a68de53bf014b9a42c13897120","AlexandreDecan","2015-11-30 15:55:59","AlexandreDecan","2015-11-30 15:55:59"
"7112cddbb2dc7319126658ebf064d41252f8bde7","AlexandreDecan","2015-11-30 15:52:10","AlexandreDecan","2015-11-30 15:52:10"
"c5f720f1207e88ab66625e9dc3a6a2959eff2036","AlexandreDecan","2015-11-30 15:51:06","AlexandreDecan","2015-11-30 15:51:06"
"055099c0926ccc7a57c9a73c7a7b735f4afde9d7","AlexandreDecan","2015-11-30 15:49:38","AlexandreDecan","2015-11-30 15:49:38"
"a8276bd9e1ae2abe0c0dd0f4da307580e899d26b","AlexandreDecan","2015-11-30 15:48:50","AlexandreDecan","2015-11-30 15:48:50"
